<?xml version="1.0" ?>
<pbds:ReferenceSet CreatedAt="2015-08-05T10:24:09" MetaType="PacBio.DataSet.ReferenceSet" Name="" Tags="" TimeStampedName="" UniqueId="20a27082-8ffc-24dc-cc80-55628f526859" Version="3.0.0" xmlns="http://pacificbiosciences.com/PacBioDataModel.xsd" xmlns:pbbase="http://pacificbiosciences.com/PacBioBaseDataModel.xsd" xmlns:pbds="http://pacificbiosciences.com/PacBioDatasets.xsd" xmlns:xsi="http://www.w3.org/2001/XMLSchema-instance" xsi:schemaLocation="http://pacificbiosciences.com/PacBioDataModel.xsd">
	<pbbase:ExternalResources>
		<pbbase:ExternalResource MetaType="" ResourceId="../lambdaNEB.fa" TimeStampedName="-150805_172409" UniqueId="6699f7d3-8def-0af8-fd4d-19238d2352b2">
			<pbbase:FileIndices>
				<pbbase:FileIndex MetaType="PacBio.Index.SamIndex" ResourceId="../lambdaNEB.fa.fai" TimeStampedName="PacBio.Index.SamIndex-150805_172409" UniqueId="370dc654-d2a5-e575-92cc-6f9c75a403f4"/>
			</pbbase:FileIndices>
		</pbbase:ExternalResource>
	</pbbase:ExternalResources>
	<pbds:DataSetMetadata>
		<pbds:TotalLength>48502</pbds:TotalLength>
		<pbds:NumRecords>1</pbds:NumRecords>
		<pbds:Organism/>
		<pbds:Ploidy/>
		<pbds:Contigs>
			<pbds:Contig Description="" Digest="DEPRECATED" Length="48502" Name="lambda_NEB3011"/>
		</pbds:Contigs>
	</pbds:DataSetMetadata>
</pbds:ReferenceSet>
