﻿<?xml version="1.0" encoding="utf-8"?><PipeStats xmlns:xsi="http://www.w3.org/2001/XMLSchema-instance" xmlns:xsd="http://www.w3.org/2001/XMLSchema" xmlns="http://pacificbiosciences.com/PipelineStats/PipeStats.xsd"><MovieName>m150430_142051_Mon_p1_b25</MovieName><MovieLength>40</MovieLength><NumFramesDropped>-1</NumFramesDropped><NumSequencingZmws>2876</NumSequencingZmws><TraceFileSize>2891592848</TraceFileSize><PulseFileSize>255406259</PulseFileSize><BaseFileSize>44432421</BaseFileSize><AdapterDimerFraction>0</AdapterDimerFraction><ShortInsertFraction>0</ShortInsertFraction><IsReadsFraction>0.43949931859970093</IsReadsFraction><FailedZmwClippedLowFraction>0</FailedZmwClippedLowFraction><FailedZmwClippedHighFraction>0</FailedZmwClippedHighFraction><ProdDist><NumBins>4</NumBins><BinCount>1576</BinCount><BinCount>901</BinCount><BinCount>399</BinCount><BinCount>0</BinCount><MetricDescription>Productivity</MetricDescription><BinLabel>Empty</BinLabel><BinLabel>Productive</BinLabel><BinLabel>Other</BinLabel><BinLabel>NotDefined</BinLabel></ProdDist><ReadTypeDist><NumBins>9</NumBins><BinCount>1474</BinCount><BinCount>799</BinCount><BinCount>4</BinCount><BinCount>181</BinCount><BinCount>92</BinCount><BinCount>0</BinCount><BinCount>0</BinCount><BinCount>326</BinCount><BinCount>0</BinCount><MetricDescription>Read Type</MetricDescription><BinLabel>Empty</BinLabel><BinLabel>FullHqRead0</BinLabel><BinLabel>FullHqRead1</BinLabel><BinLabel>PartialHqRead0</BinLabel><BinLabel>PartialHqRead1</BinLabel><BinLabel>PartialHqRead2</BinLabel><BinLabel>Multiload</BinLabel><BinLabel>Indeterminate</BinLabel><BinLabel>NotDefined</BinLabel></ReadTypeDist><TotalBaseFractionPerChannel Channel="T"><TotalBaseFractionValue>0.26216236683443811</TotalBaseFractionValue></TotalBaseFractionPerChannel><TotalBaseFractionPerChannel Channel="G"><TotalBaseFractionValue>0.27002271617186063</TotalBaseFractionValue></TotalBaseFractionPerChannel><TotalBaseFractionPerChannel Channel="C"><TotalBaseFractionValue>0.23415572133097309</TotalBaseFractionValue></TotalBaseFractionPerChannel><TotalBaseFractionPerChannel Channel="A"><TotalBaseFractionValue>0.23365919566272819</TotalBaseFractionValue></TotalBaseFractionPerChannel><PkMidCVPerChannel Channel="T"><PkMidCVValue>0.1300058513879776</PkMidCVValue></PkMidCVPerChannel><PkMidCVPerChannel Channel="G"><PkMidCVValue>0.12600712478160858</PkMidCVValue></PkMidCVPerChannel><PkMidCVPerChannel Channel="C"><PkMidCVValue>0.13117037713527679</PkMidCVValue></PkMidCVPerChannel><PkMidCVPerChannel Channel="A"><PkMidCVValue>0.12742064893245697</PkMidCVValue></PkMidCVPerChannel><BaselineLevelDist Channel="T"><SampleSize>901</SampleSize><SampleMean>127.86451721191406</SampleMean><SampleMed>124.73725128173828</SampleMed><SampleStd>22.927506780387567</SampleStd><Sample95thPct>169.07246398925781</Sample95thPct><NumBins>30</NumBins><BinCount>0</BinCount><BinCount>5</BinCount><BinCount>4</BinCount><BinCount>9</BinCount><BinCount>16</BinCount><BinCount>15</BinCount><BinCount>33</BinCount><BinCount>36</BinCount><BinCount>52</BinCount><BinCount>46</BinCount><BinCount>69</BinCount><BinCount>66</BinCount><BinCount>80</BinCount><BinCount>59</BinCount><BinCount>59</BinCount><BinCount>53</BinCount><BinCount>53</BinCount><BinCount>40</BinCount><BinCount>37</BinCount><BinCount>35</BinCount><BinCount>38</BinCount><BinCount>24</BinCount><BinCount>16</BinCount><BinCount>15</BinCount><BinCount>13</BinCount><BinCount>4</BinCount><BinCount>10</BinCount><BinCount>3</BinCount><BinCount>5</BinCount><BinCount>4</BinCount><BinCount>2</BinCount><BinCount>0</BinCount><BinWidth>4.1875677108764648</BinWidth><MinOutlierValue>73.646072387695313</MinOutlierValue><MinBinValue>73.646072387695313</MinBinValue><MaxBinValue>195.08543395996094</MaxBinValue><MaxOutlierValue>199.27310180664063</MaxOutlierValue><MetricDescription>Baseline Level: Channel T</MetricDescription></BaselineLevelDist><BaselineLevelDist Channel="G"><SampleSize>901</SampleSize><SampleMean>155.74661254882813</SampleMean><SampleMed>151.9776611328125</SampleMed><SampleStd>31.100832705135016</SampleStd><Sample95thPct>211.85389709472656</Sample95thPct><NumBins>30</NumBins><BinCount>0</BinCount><BinCount>6</BinCount><BinCount>3</BinCount><BinCount>7</BinCount><BinCount>21</BinCount><BinCount>26</BinCount><BinCount>46</BinCount><BinCount>41</BinCount><BinCount>59</BinCount><BinCount>56</BinCount><BinCount>74</BinCount><BinCount>77</BinCount><BinCount>61</BinCount><BinCount>67</BinCount><BinCount>60</BinCount><BinCount>49</BinCount><BinCount>49</BinCount><BinCount>40</BinCount><BinCount>46</BinCount><BinCount>18</BinCount><BinCount>22</BinCount><BinCount>24</BinCount><BinCount>11</BinCount><BinCount>7</BinCount><BinCount>8</BinCount><BinCount>7</BinCount><BinCount>7</BinCount><BinCount>4</BinCount><BinCount>1</BinCount><BinCount>3</BinCount><BinCount>0</BinCount><BinCount>1</BinCount><BinWidth>5.9290380477905273</BinWidth><MinOutlierValue>84.166328430175781</MinOutlierValue><MinBinValue>84.166328430175781</MinBinValue><MaxBinValue>256.10830688476563</MaxBinValue><MaxOutlierValue>262.0374755859375</MaxOutlierValue><MetricDescription>Baseline Level: Channel G</MetricDescription></BaselineLevelDist><BaselineLevelDist Channel="C"><SampleSize>901</SampleSize><SampleMean>139.15335083007813</SampleMean><SampleMed>136.33685302734375</SampleMed><SampleStd>29.158130627641182</SampleStd><Sample95thPct>190.91932678222656</Sample95thPct><NumBins>30</NumBins><BinCount>0</BinCount><BinCount>8</BinCount><BinCount>5</BinCount><BinCount>18</BinCount><BinCount>28</BinCount><BinCount>51</BinCount><BinCount>62</BinCount><BinCount>61</BinCount><BinCount>77</BinCount><BinCount>92</BinCount><BinCount>84</BinCount><BinCount>74</BinCount><BinCount>71</BinCount><BinCount>57</BinCount><BinCount>45</BinCount><BinCount>49</BinCount><BinCount>32</BinCount><BinCount>24</BinCount><BinCount>20</BinCount><BinCount>14</BinCount><BinCount>7</BinCount><BinCount>6</BinCount><BinCount>7</BinCount><BinCount>3</BinCount><BinCount>2</BinCount><BinCount>2</BinCount><BinCount>0</BinCount><BinCount>1</BinCount><BinCount>0</BinCount><BinCount>0</BinCount><BinCount>1</BinCount><BinCount>0</BinCount><BinWidth>6.570559024810791</BinWidth><MinOutlierValue>73.207603454589844</MinOutlierValue><MinBinValue>73.207603454589844</MinBinValue><MaxBinValue>263.75375366210938</MaxBinValue><MaxOutlierValue>270.32437133789063</MaxOutlierValue><MetricDescription>Baseline Level: Channel C</MetricDescription></BaselineLevelDist><BaselineLevelDist Channel="A"><SampleSize>901</SampleSize><SampleMean>105.16181945800781</SampleMean><SampleMed>102.94313812255859</SampleMed><SampleStd>20.560005498963505</SampleStd><Sample95thPct>142.5870361328125</Sample95thPct><NumBins>30</NumBins><BinCount>0</BinCount><BinCount>6</BinCount><BinCount>5</BinCount><BinCount>16</BinCount><BinCount>23</BinCount><BinCount>49</BinCount><BinCount>69</BinCount><BinCount>67</BinCount><BinCount>91</BinCount><BinCount>84</BinCount><BinCount>89</BinCount><BinCount>76</BinCount><BinCount>69</BinCount><BinCount>60</BinCount><BinCount>64</BinCount><BinCount>34</BinCount><BinCount>23</BinCount><BinCount>22</BinCount><BinCount>19</BinCount><BinCount>13</BinCount><BinCount>6</BinCount><BinCount>7</BinCount><BinCount>2</BinCount><BinCount>3</BinCount><BinCount>3</BinCount><BinCount>0</BinCount><BinCount>0</BinCount><BinCount>0</BinCount><BinCount>0</BinCount><BinCount>0</BinCount><BinCount>0</BinCount><BinCount>1</BinCount><BinWidth>4.9022321701049805</BinWidth><MinOutlierValue>56.971332550048828</MinOutlierValue><MinBinValue>56.971332550048828</MinBinValue><MaxBinValue>199.13609313964844</MaxBinValue><MaxOutlierValue>204.03829956054688</MaxOutlierValue><MetricDescription>Baseline Level: Channel A</MetricDescription></BaselineLevelDist><BaselineStdDist Channel="T"><SampleSize>901</SampleSize><SampleMean>24.45445442199707</SampleMean><SampleMed>23.838890075683594</SampleMed><SampleStd>4.5316475013848869</SampleStd><Sample95thPct>32.714912414550781</Sample95thPct><NumBins>30</NumBins><BinCount>0</BinCount><BinCount>7</BinCount><BinCount>4</BinCount><BinCount>21</BinCount><BinCount>21</BinCount><BinCount>37</BinCount><BinCount>44</BinCount><BinCount>63</BinCount><BinCount>69</BinCount><BinCount>74</BinCount><BinCount>62</BinCount><BinCount>77</BinCount><BinCount>68</BinCount><BinCount>54</BinCount><BinCount>42</BinCount><BinCount>39</BinCount><BinCount>35</BinCount><BinCount>47</BinCount><BinCount>28</BinCount><BinCount>30</BinCount><BinCount>21</BinCount><BinCount>12</BinCount><BinCount>15</BinCount><BinCount>7</BinCount><BinCount>9</BinCount><BinCount>1</BinCount><BinCount>4</BinCount><BinCount>5</BinCount><BinCount>0</BinCount><BinCount>0</BinCount><BinCount>3</BinCount><BinCount>2</BinCount><BinWidth>0.839674174785614</BinWidth><MinOutlierValue>14.927026748657227</MinOutlierValue><MinBinValue>14.927026748657227</MinBinValue><MaxBinValue>39.277587890625</MaxBinValue><MaxOutlierValue>48.633819580078125</MaxOutlierValue><MetricDescription>Baseline Standard Deviation: Channel T</MetricDescription></BaselineStdDist><BaselineStdDist Channel="G"><SampleSize>901</SampleSize><SampleMean>29.427820205688477</SampleMean><SampleMed>28.564558029174805</SampleMed><SampleStd>6.2106889513282475</SampleStd><Sample95thPct>40.609348297119141</Sample95thPct><NumBins>30</NumBins><BinCount>0</BinCount><BinCount>5</BinCount><BinCount>8</BinCount><BinCount>20</BinCount><BinCount>30</BinCount><BinCount>32</BinCount><BinCount>55</BinCount><BinCount>62</BinCount><BinCount>81</BinCount><BinCount>76</BinCount><BinCount>74</BinCount><BinCount>74</BinCount><BinCount>64</BinCount><BinCount>47</BinCount><BinCount>42</BinCount><BinCount>48</BinCount><BinCount>39</BinCount><BinCount>32</BinCount><BinCount>27</BinCount><BinCount>21</BinCount><BinCount>18</BinCount><BinCount>10</BinCount><BinCount>11</BinCount><BinCount>7</BinCount><BinCount>3</BinCount><BinCount>5</BinCount><BinCount>2</BinCount><BinCount>5</BinCount><BinCount>1</BinCount><BinCount>0</BinCount><BinCount>0</BinCount><BinCount>2</BinCount><BinWidth>1.1888623237609863</BinWidth><MinOutlierValue>16.572879791259766</MinOutlierValue><MinBinValue>16.572879791259766</MinBinValue><MaxBinValue>51.049873352050781</MaxBinValue><MaxOutlierValue>72.8824462890625</MaxOutlierValue><MetricDescription>Baseline Standard Deviation: Channel G</MetricDescription></BaselineStdDist><BaselineStdDist Channel="C"><SampleSize>901</SampleSize><SampleMean>29.958185195922852</SampleMean><SampleMed>28.946718215942383</SampleMed><SampleStd>6.6354565208109948</SampleStd><Sample95thPct>41.9188232421875</Sample95thPct><NumBins>30</NumBins><BinCount>0</BinCount><BinCount>6</BinCount><BinCount>7</BinCount><BinCount>21</BinCount><BinCount>20</BinCount><BinCount>38</BinCount><BinCount>55</BinCount><BinCount>70</BinCount><BinCount>66</BinCount><BinCount>82</BinCount><BinCount>75</BinCount><BinCount>71</BinCount><BinCount>62</BinCount><BinCount>53</BinCount><BinCount>46</BinCount><BinCount>41</BinCount><BinCount>35</BinCount><BinCount>27</BinCount><BinCount>28</BinCount><BinCount>31</BinCount><BinCount>18</BinCount><BinCount>16</BinCount><BinCount>8</BinCount><BinCount>4</BinCount><BinCount>3</BinCount><BinCount>4</BinCount><BinCount>3</BinCount><BinCount>4</BinCount><BinCount>4</BinCount><BinCount>1</BinCount><BinCount>1</BinCount><BinCount>1</BinCount><BinWidth>1.2724339962005615</BinWidth><MinOutlierValue>16.04368782043457</MinOutlierValue><MinBinValue>16.04368782043457</MinBinValue><MaxBinValue>52.944278717041016</MaxBinValue><MaxOutlierValue>54.216709136962891</MaxOutlierValue><MetricDescription>Baseline Standard Deviation: Channel C</MetricDescription></BaselineStdDist><BaselineStdDist Channel="A"><SampleSize>901</SampleSize><SampleMean>23.038051605224609</SampleMean><SampleMed>22.335617065429688</SampleMed><SampleStd>4.6492118627523906</SampleStd><Sample95thPct>31.209815979003906</Sample95thPct><NumBins>30</NumBins><BinCount>0</BinCount><BinCount>5</BinCount><BinCount>10</BinCount><BinCount>23</BinCount><BinCount>31</BinCount><BinCount>49</BinCount><BinCount>71</BinCount><BinCount>76</BinCount><BinCount>85</BinCount><BinCount>81</BinCount><BinCount>81</BinCount><BinCount>71</BinCount><BinCount>55</BinCount><BinCount>49</BinCount><BinCount>41</BinCount><BinCount>39</BinCount><BinCount>29</BinCount><BinCount>30</BinCount><BinCount>18</BinCount><BinCount>19</BinCount><BinCount>6</BinCount><BinCount>11</BinCount><BinCount>3</BinCount><BinCount>5</BinCount><BinCount>2</BinCount><BinCount>3</BinCount><BinCount>3</BinCount><BinCount>1</BinCount><BinCount>0</BinCount><BinCount>0</BinCount><BinCount>3</BinCount><BinCount>1</BinCount><BinWidth>0.95595359802246094</BinWidth><MinOutlierValue>13.51678466796875</MinOutlierValue><MinBinValue>13.51678466796875</MinBinValue><MaxBinValue>41.239456176757813</MaxBinValue><MaxOutlierValue>46.103000640869141</MaxOutlierValue><MetricDescription>Baseline Standard Deviation: Channel A</MetricDescription></BaselineStdDist><MovieReadQualDist><SampleSize>901</SampleSize><SampleMean>0.82736450433731079</SampleMean><SampleMed>0.83167940378189087</SampleMed><SampleStd>0.029663275550147809</SampleStd><Sample95thPct>0.86801999807357788</Sample95thPct><NumBins>30</NumBins><BinCount>0</BinCount><BinCount>12</BinCount><BinCount>8</BinCount><BinCount>11</BinCount><BinCount>10</BinCount><BinCount>17</BinCount><BinCount>11</BinCount><BinCount>20</BinCount><BinCount>24</BinCount><BinCount>24</BinCount><BinCount>34</BinCount><BinCount>25</BinCount><BinCount>38</BinCount><BinCount>52</BinCount><BinCount>33</BinCount><BinCount>45</BinCount><BinCount>48</BinCount><BinCount>57</BinCount><BinCount>47</BinCount><BinCount>69</BinCount><BinCount>65</BinCount><BinCount>55</BinCount><BinCount>51</BinCount><BinCount>57</BinCount><BinCount>42</BinCount><BinCount>29</BinCount><BinCount>12</BinCount><BinCount>3</BinCount><BinCount>0</BinCount><BinCount>1</BinCount><BinCount>0</BinCount><BinCount>1</BinCount><BinWidth>0.0049052196554839611</BinWidth><MinOutlierValue>0.7500004768371582</MinOutlierValue><MinBinValue>0.7500004768371582</MinBinValue><MaxBinValue>0.89225196838378906</MaxBinValue><MaxOutlierValue>0.89715707302093506</MaxOutlierValue><MetricDescription>Movie Read Quality</MetricDescription></MovieReadQualDist><PulseRateDist><SampleSize>901</SampleSize><SampleMean>2.6086521148681641</SampleMean><SampleMed>2.8065698146820068</SampleMed><SampleStd>0.964750122171989</SampleStd><Sample95thPct>4.0838189125061035</Sample95thPct><NumBins>30</NumBins><BinCount>0</BinCount><BinCount>20</BinCount><BinCount>32</BinCount><BinCount>29</BinCount><BinCount>16</BinCount><BinCount>23</BinCount><BinCount>17</BinCount><BinCount>16</BinCount><BinCount>38</BinCount><BinCount>29</BinCount><BinCount>35</BinCount><BinCount>38</BinCount><BinCount>66</BinCount><BinCount>76</BinCount><BinCount>71</BinCount><BinCount>115</BinCount><BinCount>111</BinCount><BinCount>59</BinCount><BinCount>28</BinCount><BinCount>18</BinCount><BinCount>15</BinCount><BinCount>11</BinCount><BinCount>12</BinCount><BinCount>6</BinCount><BinCount>7</BinCount><BinCount>5</BinCount><BinCount>4</BinCount><BinCount>2</BinCount><BinCount>1</BinCount><BinCount>0</BinCount><BinCount>0</BinCount><BinCount>1</BinCount><BinWidth>0.18115301430225372</BinWidth><MinOutlierValue>0.392622709274292</MinOutlierValue><MinBinValue>0.392622709274292</MinBinValue><MaxBinValue>5.6460590362548828</MaxBinValue><MaxOutlierValue>5.8272132873535156</MaxOutlierValue><MetricDescription>Pulse Rate</MetricDescription></PulseRateDist><PulseWidthDist><SampleSize>901</SampleSize><SampleMean>0.099928326904773712</SampleMean><SampleMed>0.10349234938621521</SampleMed><SampleStd>0.020476521081180254</SampleStd><Sample95thPct>0.1233537569642067</Sample95thPct><NumBins>30</NumBins><BinCount>0</BinCount><BinCount>6</BinCount><BinCount>10</BinCount><BinCount>4</BinCount><BinCount>9</BinCount><BinCount>11</BinCount><BinCount>13</BinCount><BinCount>17</BinCount><BinCount>9</BinCount><BinCount>11</BinCount><BinCount>18</BinCount><BinCount>24</BinCount><BinCount>24</BinCount><BinCount>81</BinCount><BinCount>117</BinCount><BinCount>205</BinCount><BinCount>173</BinCount><BinCount>87</BinCount><BinCount>32</BinCount><BinCount>15</BinCount><BinCount>13</BinCount><BinCount>5</BinCount><BinCount>4</BinCount><BinCount>2</BinCount><BinCount>4</BinCount><BinCount>0</BinCount><BinCount>2</BinCount><BinCount>1</BinCount><BinCount>1</BinCount><BinCount>0</BinCount><BinCount>2</BinCount><BinCount>1</BinCount><BinWidth>0.005253092385828495</BinWidth><MinOutlierValue>0.027302868664264679</MinOutlierValue><MinBinValue>0.027302868664264679</MinBinValue><MaxBinValue>0.17964252829551697</MaxBinValue><MaxOutlierValue>0.25465521216392517</MaxOutlierValue><MetricDescription>Pulse Width</MetricDescription></PulseWidthDist><BaseRateDist><SampleSize>901</SampleSize><SampleMean>2.5359427928924561</SampleMean><SampleMed>2.6525952816009521</SampleMed><SampleStd>0.5267869502352952</SampleStd><Sample95thPct>3.1892180442810059</Sample95thPct><NumBins>30</NumBins><BinCount>0</BinCount><BinCount>1</BinCount><BinCount>0</BinCount><BinCount>2</BinCount><BinCount>3</BinCount><BinCount>3</BinCount><BinCount>3</BinCount><BinCount>9</BinCount><BinCount>11</BinCount><BinCount>21</BinCount><BinCount>18</BinCount><BinCount>18</BinCount><BinCount>19</BinCount><BinCount>21</BinCount><BinCount>33</BinCount><BinCount>24</BinCount><BinCount>40</BinCount><BinCount>61</BinCount><BinCount>64</BinCount><BinCount>69</BinCount><BinCount>88</BinCount><BinCount>101</BinCount><BinCount>103</BinCount><BinCount>90</BinCount><BinCount>51</BinCount><BinCount>26</BinCount><BinCount>13</BinCount><BinCount>5</BinCount><BinCount>0</BinCount><BinCount>1</BinCount><BinCount>2</BinCount><BinCount>1</BinCount><BinWidth>0.11236222833395004</BinWidth><MinOutlierValue>0.48343190550804138</MinOutlierValue><MinBinValue>0.48343190550804138</MinBinValue><MaxBinValue>3.7419354915618896</MaxBinValue><MaxOutlierValue>3.8542988300323486</MaxOutlierValue><MetricDescription>Base Rate</MetricDescription></BaseRateDist><BaseWidthDist><SampleSize>901</SampleSize><SampleMean>0.11893815547227859</SampleMean><SampleMed>0.11571153998374939</SampleMed><SampleStd>0.017150358321837637</SampleStd><Sample95thPct>0.14613635838031769</Sample95thPct><NumBins>30</NumBins><BinCount>0</BinCount><BinCount>2</BinCount><BinCount>2</BinCount><BinCount>2</BinCount><BinCount>3</BinCount><BinCount>0</BinCount><BinCount>9</BinCount><BinCount>14</BinCount><BinCount>50</BinCount><BinCount>119</BinCount><BinCount>230</BinCount><BinCount>186</BinCount><BinCount>111</BinCount><BinCount>50</BinCount><BinCount>29</BinCount><BinCount>22</BinCount><BinCount>11</BinCount><BinCount>16</BinCount><BinCount>7</BinCount><BinCount>7</BinCount><BinCount>5</BinCount><BinCount>4</BinCount><BinCount>3</BinCount><BinCount>2</BinCount><BinCount>3</BinCount><BinCount>1</BinCount><BinCount>2</BinCount><BinCount>1</BinCount><BinCount>2</BinCount><BinCount>1</BinCount><BinCount>0</BinCount><BinCount>7</BinCount><BinWidth>0.0042473133653402328</BinWidth><MinOutlierValue>0.072753794491291046</MinOutlierValue><MinBinValue>0.072753794491291046</MinBinValue><MaxBinValue>0.19592581689357758</MaxBinValue><MaxOutlierValue>0.27980539202690125</MaxOutlierValue><MetricDescription>Base Width</MetricDescription></BaseWidthDist><BaseIpdDist><SampleSize>901</SampleSize><SampleMean>0.20779013633728027</SampleMean><SampleMed>0.187550351023674</SampleMed><SampleStd>0.062309467828268572</SampleStd><Sample95thPct>0.33181986212730408</Sample95thPct><NumBins>30</NumBins><BinCount>0</BinCount><BinCount>1</BinCount><BinCount>0</BinCount><BinCount>0</BinCount><BinCount>3</BinCount><BinCount>12</BinCount><BinCount>38</BinCount><BinCount>97</BinCount><BinCount>179</BinCount><BinCount>175</BinCount><BinCount>107</BinCount><BinCount>71</BinCount><BinCount>54</BinCount><BinCount>29</BinCount><BinCount>26</BinCount><BinCount>20</BinCount><BinCount>14</BinCount><BinCount>15</BinCount><BinCount>11</BinCount><BinCount>8</BinCount><BinCount>5</BinCount><BinCount>7</BinCount><BinCount>6</BinCount><BinCount>5</BinCount><BinCount>3</BinCount><BinCount>2</BinCount><BinCount>1</BinCount><BinCount>4</BinCount><BinCount>1</BinCount><BinCount>1</BinCount><BinCount>1</BinCount><BinCount>5</BinCount><BinWidth>0.013946051709353924</BinWidth><MinOutlierValue>0.072134755551815033</MinOutlierValue><MinBinValue>0.072134755551815033</MinBinValue><MaxBinValue>0.47657036781311035</MaxBinValue><MaxOutlierValue>0.66363972425460815</MaxOutlierValue><MetricDescription>Base Inter-Pulse-Distance</MetricDescription></BaseIpdDist><LocalBaseRateDist><SampleSize>901</SampleSize><SampleMean>3.1569230556488037</SampleMean><SampleMed>3.2599551677703857</SampleMed><SampleStd>0.48502013678617706</SampleStd><Sample95thPct>3.7976837158203125</Sample95thPct><NumBins>30</NumBins><BinCount>0</BinCount><BinCount>1</BinCount><BinCount>2</BinCount><BinCount>2</BinCount><BinCount>5</BinCount><BinCount>3</BinCount><BinCount>7</BinCount><BinCount>11</BinCount><BinCount>12</BinCount><BinCount>13</BinCount><BinCount>14</BinCount><BinCount>31</BinCount><BinCount>27</BinCount><BinCount>27</BinCount><BinCount>33</BinCount><BinCount>61</BinCount><BinCount>67</BinCount><BinCount>91</BinCount><BinCount>146</BinCount><BinCount>104</BinCount><BinCount>101</BinCount><BinCount>72</BinCount><BinCount>32</BinCount><BinCount>23</BinCount><BinCount>9</BinCount><BinCount>3</BinCount><BinCount>1</BinCount><BinCount>1</BinCount><BinCount>0</BinCount><BinCount>1</BinCount><BinCount>1</BinCount><BinCount>0</BinCount><BinWidth>0.11897861957550049</BinWidth><MinOutlierValue>1.196331262588501</MinOutlierValue><MinBinValue>1.196331262588501</MinBinValue><MaxBinValue>4.6467084884643555</MaxBinValue><MaxOutlierValue>4.7656898498535156</MaxOutlierValue><MetricDescription>Local Base Rate</MetricDescription></LocalBaseRateDist><NumUnfilteredBasecallsDist><SampleSize>901</SampleSize><SampleMean>5481.8447265625</SampleMean><SampleMed>5977</SampleMed><SampleStd>2328.5779735155606</SampleStd><Sample95thPct>8973</Sample95thPct><NumBins>30</NumBins><BinCount>0</BinCount><BinCount>17</BinCount><BinCount>32</BinCount><BinCount>33</BinCount><BinCount>13</BinCount><BinCount>21</BinCount><BinCount>14</BinCount><BinCount>13</BinCount><BinCount>23</BinCount><BinCount>43</BinCount><BinCount>26</BinCount><BinCount>34</BinCount><BinCount>47</BinCount><BinCount>56</BinCount><BinCount>72</BinCount><BinCount>80</BinCount><BinCount>105</BinCount><BinCount>106</BinCount><BinCount>60</BinCount><BinCount>31</BinCount><BinCount>15</BinCount><BinCount>13</BinCount><BinCount>15</BinCount><BinCount>8</BinCount><BinCount>7</BinCount><BinCount>6</BinCount><BinCount>5</BinCount><BinCount>3</BinCount><BinCount>1</BinCount><BinCount>1</BinCount><BinCount>0</BinCount><BinCount>1</BinCount><BinWidth>418.89999389648438</BinWidth><MinOutlierValue>77</MinOutlierValue><MinBinValue>77</MinBinValue><MaxBinValue>12225.1025390625</MaxBinValue><MaxOutlierValue>12644</MaxOutlierValue><MetricDescription>Number of Unfiltered Basecalls</MetricDescription></NumUnfilteredBasecallsDist><ReadLenDist><SampleSize>901</SampleSize><SampleMean>4528.69384765625</SampleMean><SampleMed>5227</SampleMed><SampleStd>2322.8055598026981</SampleStd><Sample95thPct>7367</Sample95thPct><NumBins>30</NumBins><BinCount>0</BinCount><BinCount>62</BinCount><BinCount>39</BinCount><BinCount>36</BinCount><BinCount>29</BinCount><BinCount>37</BinCount><BinCount>19</BinCount><BinCount>29</BinCount><BinCount>37</BinCount><BinCount>32</BinCount><BinCount>32</BinCount><BinCount>40</BinCount><BinCount>45</BinCount><BinCount>54</BinCount><BinCount>73</BinCount><BinCount>77</BinCount><BinCount>97</BinCount><BinCount>95</BinCount><BinCount>49</BinCount><BinCount>17</BinCount><BinCount>2</BinCount><BinCount>0</BinCount><BinCount>0</BinCount><BinCount>0</BinCount><BinCount>0</BinCount><BinCount>0</BinCount><BinCount>0</BinCount><BinCount>0</BinCount><BinCount>0</BinCount><BinCount>0</BinCount><BinCount>0</BinCount><BinCount>0</BinCount><BinWidth>418.89999389648438</BinWidth><MinOutlierValue>77</MinOutlierValue><MinBinValue>77</MinBinValue><MaxBinValue>12225.1025390625</MaxBinValue><MaxOutlierValue>12644</MaxOutlierValue><MetricDescription>Polymerase Read Length</MetricDescription></ReadLenDist><ReadQualDist><SampleSize>901</SampleSize><SampleMean>0.82736450433731079</SampleMean><SampleMed>0.83167940378189087</SampleMed><SampleStd>0.029663275550147809</SampleStd><Sample95thPct>0.86801999807357788</Sample95thPct><NumBins>30</NumBins><BinCount>0</BinCount><BinCount>12</BinCount><BinCount>8</BinCount><BinCount>11</BinCount><BinCount>10</BinCount><BinCount>17</BinCount><BinCount>11</BinCount><BinCount>20</BinCount><BinCount>24</BinCount><BinCount>24</BinCount><BinCount>34</BinCount><BinCount>25</BinCount><BinCount>38</BinCount><BinCount>52</BinCount><BinCount>33</BinCount><BinCount>45</BinCount><BinCount>48</BinCount><BinCount>57</BinCount><BinCount>47</BinCount><BinCount>69</BinCount><BinCount>65</BinCount><BinCount>55</BinCount><BinCount>51</BinCount><BinCount>57</BinCount><BinCount>42</BinCount><BinCount>29</BinCount><BinCount>12</BinCount><BinCount>3</BinCount><BinCount>0</BinCount><BinCount>1</BinCount><BinCount>0</BinCount><BinCount>1</BinCount><BinWidth>0.0049052196554839611</BinWidth><MinOutlierValue>0.7500004768371582</MinOutlierValue><MinBinValue>0.7500004768371582</MinBinValue><MaxBinValue>0.89225196838378906</MaxBinValue><MaxOutlierValue>0.89715707302093506</MaxOutlierValue><MetricDescription>Polymerase Read Quality</MetricDescription></ReadQualDist><HqBaseFractionDist><SampleSize>901</SampleSize><SampleMean>0.83693552017211914</SampleMean><SampleMed>1</SampleMed><SampleStd>0.27694011715472022</SampleStd><Sample95thPct>1</Sample95thPct><NumBins>30</NumBins><BinCount>0</BinCount><BinCount>9</BinCount><BinCount>12</BinCount><BinCount>8</BinCount><BinCount>11</BinCount><BinCount>14</BinCount><BinCount>6</BinCount><BinCount>6</BinCount><BinCount>6</BinCount><BinCount>11</BinCount><BinCount>10</BinCount><BinCount>11</BinCount><BinCount>8</BinCount><BinCount>6</BinCount><BinCount>10</BinCount><BinCount>8</BinCount><BinCount>6</BinCount><BinCount>11</BinCount><BinCount>13</BinCount><BinCount>13</BinCount><BinCount>13</BinCount><BinCount>5</BinCount><BinCount>8</BinCount><BinCount>10</BinCount><BinCount>17</BinCount><BinCount>12</BinCount><BinCount>18</BinCount><BinCount>22</BinCount><BinCount>26</BinCount><BinCount>29</BinCount><BinCount>562</BinCount><BinCount>0</BinCount><BinWidth>0.033073656260967255</BinWidth><MinOutlierValue>0.0077903680503368378</MinOutlierValue><MinBinValue>0.0077903680503368378</MinBinValue><MaxBinValue>0.96692657470703125</MaxBinValue><MaxOutlierValue>1</MaxOutlierValue><MetricDescription>Fraction of Unfiltered Basecalls in the HQ Region</MetricDescription></HqBaseFractionDist><RmBasQvDist><SampleSize>901</SampleSize><SampleMean>10.290195465087891</SampleMean><SampleMed>10.38844108581543</SampleMed><SampleStd>0.65530819066072632</SampleStd><Sample95thPct>11.208442687988281</Sample95thPct><NumBins>30</NumBins><BinCount>0</BinCount><BinCount>3</BinCount><BinCount>2</BinCount><BinCount>3</BinCount><BinCount>11</BinCount><BinCount>13</BinCount><BinCount>14</BinCount><BinCount>18</BinCount><BinCount>26</BinCount><BinCount>22</BinCount><BinCount>33</BinCount><BinCount>31</BinCount><BinCount>37</BinCount><BinCount>33</BinCount><BinCount>45</BinCount><BinCount>30</BinCount><BinCount>61</BinCount><BinCount>51</BinCount><BinCount>51</BinCount><BinCount>64</BinCount><BinCount>72</BinCount><BinCount>65</BinCount><BinCount>59</BinCount><BinCount>53</BinCount><BinCount>43</BinCount><BinCount>35</BinCount><BinCount>19</BinCount><BinCount>3</BinCount><BinCount>2</BinCount><BinCount>0</BinCount><BinCount>1</BinCount><BinCount>1</BinCount><BinWidth>0.11475174874067307</BinWidth><MinOutlierValue>8.40294075012207</MinOutlierValue><MinBinValue>8.40294075012207</MinBinValue><MaxBinValue>11.730743408203125</MaxBinValue><MaxOutlierValue>11.845493316650391</MaxOutlierValue><MetricDescription>Polymerase Read Mean Base Quality Value</MetricDescription></RmBasQvDist><InsertReadLenDist><SampleSize>901</SampleSize><SampleMean>460.4583740234375</SampleMean><SampleMed>350</SampleMed><SampleStd>592.13342124584449</SampleStd><Sample95thPct>751</Sample95thPct><NumBins>30</NumBins><BinCount>0</BinCount><BinCount>21</BinCount><BinCount>25</BinCount><BinCount>621</BinCount><BinCount>151</BinCount><BinCount>23</BinCount><BinCount>10</BinCount><BinCount>7</BinCount><BinCount>4</BinCount><BinCount>4</BinCount><BinCount>3</BinCount><BinCount>1</BinCount><BinCount>2</BinCount><BinCount>5</BinCount><BinCount>0</BinCount><BinCount>1</BinCount><BinCount>1</BinCount><BinCount>1</BinCount><BinCount>1</BinCount><BinCount>0</BinCount><BinCount>0</BinCount><BinCount>1</BinCount><BinCount>0</BinCount><BinCount>0</BinCount><BinCount>0</BinCount><BinCount>0</BinCount><BinCount>0</BinCount><BinCount>1</BinCount><BinCount>1</BinCount><BinCount>0</BinCount><BinCount>2</BinCount><BinCount>15</BinCount><BinWidth>98</BinWidth><MinOutlierValue>78</MinOutlierValue><MinBinValue>78</MinBinValue><MaxBinValue>2920</MaxBinValue><MaxOutlierValue>5969</MaxOutlierValue><MetricDescription>Read Length of Insert</MetricDescription></InsertReadLenDist><InsertReadQualDist><SampleSize>901</SampleSize><SampleMean>0.96519893407821655</SampleMean><SampleMed>0.99638187885284424</SampleMed><SampleStd>0.063829474832070937</SampleStd><Sample95thPct>0.9987713098526001</Sample95thPct><NumBins>30</NumBins><BinCount>0</BinCount><BinCount>6</BinCount><BinCount>3</BinCount><BinCount>7</BinCount><BinCount>11</BinCount><BinCount>14</BinCount><BinCount>13</BinCount><BinCount>12</BinCount><BinCount>13</BinCount><BinCount>6</BinCount><BinCount>5</BinCount><BinCount>3</BinCount><BinCount>9</BinCount><BinCount>3</BinCount><BinCount>2</BinCount><BinCount>3</BinCount><BinCount>3</BinCount><BinCount>1</BinCount><BinCount>5</BinCount><BinCount>3</BinCount><BinCount>9</BinCount><BinCount>9</BinCount><BinCount>11</BinCount><BinCount>16</BinCount><BinCount>10</BinCount><BinCount>10</BinCount><BinCount>16</BinCount><BinCount>24</BinCount><BinCount>35</BinCount><BinCount>59</BinCount><BinCount>579</BinCount><BinCount>1</BinCount><BinWidth>0.0082235373556613922</BinWidth><MinOutlierValue>0.75223779678344727</MinOutlierValue><MinBinValue>0.75223779678344727</MinBinValue><MaxBinValue>0.990720272064209</MaxBinValue><MaxOutlierValue>0.99894392490386963</MaxOutlierValue><MetricDescription>Read Quality of Insert</MetricDescription></InsertReadQualDist><LocalYieldDist><SampleSize>76</SampleSize><SampleMean>0.30905985832214355</SampleMean><SampleMed>0.31428572535514832</SampleMed><SampleStd>0.066354604100553535</SampleStd><Sample95thPct>0.44186046719551086</Sample95thPct><NumBins>30</NumBins><BinCount>0</BinCount><BinCount>1</BinCount><BinCount>0</BinCount><BinCount>0</BinCount><BinCount>0</BinCount><BinCount>1</BinCount><BinCount>0</BinCount><BinCount>1</BinCount><BinCount>1</BinCount><BinCount>1</BinCount><BinCount>2</BinCount><BinCount>3</BinCount><BinCount>2</BinCount><BinCount>4</BinCount><BinCount>9</BinCount><BinCount>4</BinCount><BinCount>4</BinCount><BinCount>10</BinCount><BinCount>5</BinCount><BinCount>7</BinCount><BinCount>9</BinCount><BinCount>3</BinCount><BinCount>2</BinCount><BinCount>2</BinCount><BinCount>0</BinCount><BinCount>1</BinCount><BinCount>0</BinCount><BinCount>1</BinCount><BinCount>1</BinCount><BinCount>0</BinCount><BinCount>2</BinCount><BinCount>0</BinCount><BinWidth>0.012857142835855484</BinWidth><MinOutlierValue>0.10000000149011612</MinOutlierValue><MinBinValue>0.10000000149011612</MinBinValue><MaxBinValue>0.47285705804824829</MaxBinValue><MaxOutlierValue>0.48571428656578064</MaxOutlierValue><MetricDescription>Local Yield</MetricDescription></LocalYieldDist><LocalSnrDist Channel="T"><SampleSize>75</SampleSize><SampleMean>13.631999015808105</SampleMean><SampleMed>13.589192390441895</SampleMed><SampleStd>1.2000955975038989</SampleStd><Sample95thPct>15.347677230834961</Sample95thPct><NumBins>30</NumBins><BinCount>0</BinCount><BinCount>1</BinCount><BinCount>1</BinCount><BinCount>0</BinCount><BinCount>0</BinCount><BinCount>0</BinCount><BinCount>0</BinCount><BinCount>0</BinCount><BinCount>1</BinCount><BinCount>1</BinCount><BinCount>2</BinCount><BinCount>3</BinCount><BinCount>1</BinCount><BinCount>2</BinCount><BinCount>8</BinCount><BinCount>5</BinCount><BinCount>4</BinCount><BinCount>3</BinCount><BinCount>7</BinCount><BinCount>6</BinCount><BinCount>2</BinCount><BinCount>2</BinCount><BinCount>2</BinCount><BinCount>6</BinCount><BinCount>4</BinCount><BinCount>5</BinCount><BinCount>2</BinCount><BinCount>4</BinCount><BinCount>0</BinCount><BinCount>2</BinCount><BinCount>1</BinCount><BinCount>0</BinCount><BinWidth>0.2007686048746109</BinWidth><MinOutlierValue>10.013538360595703</MinOutlierValue><MinBinValue>10.013538360595703</MinBinValue><MaxBinValue>15.835824012756348</MaxBinValue><MaxOutlierValue>16.036596298217773</MaxOutlierValue><MetricDescription>Local Signal to Noise Ratio: ChannelT</MetricDescription></LocalSnrDist><LocalSnrDist Channel="G"><SampleSize>75</SampleSize><SampleMean>13.10755443572998</SampleMean><SampleMed>13.338504791259766</SampleMed><SampleStd>1.1907001390284904</SampleStd><Sample95thPct>14.766576766967773</Sample95thPct><NumBins>30</NumBins><BinCount>0</BinCount><BinCount>1</BinCount><BinCount>0</BinCount><BinCount>0</BinCount><BinCount>0</BinCount><BinCount>0</BinCount><BinCount>1</BinCount><BinCount>0</BinCount><BinCount>1</BinCount><BinCount>0</BinCount><BinCount>1</BinCount><BinCount>4</BinCount><BinCount>5</BinCount><BinCount>4</BinCount><BinCount>0</BinCount><BinCount>6</BinCount><BinCount>2</BinCount><BinCount>4</BinCount><BinCount>9</BinCount><BinCount>10</BinCount><BinCount>8</BinCount><BinCount>8</BinCount><BinCount>3</BinCount><BinCount>3</BinCount><BinCount>3</BinCount><BinCount>1</BinCount><BinCount>0</BinCount><BinCount>0</BinCount><BinCount>0</BinCount><BinCount>0</BinCount><BinCount>0</BinCount><BinCount>1</BinCount><BinWidth>0.24953489005565643</BinWidth><MinOutlierValue>8.872136116027832</MinOutlierValue><MinBinValue>8.872136116027832</MinBinValue><MaxBinValue>16.108640670776367</MaxBinValue><MaxOutlierValue>16.358182907104492</MaxOutlierValue><MetricDescription>Local Signal to Noise Ratio: ChannelG</MetricDescription></LocalSnrDist><LocalSnrDist Channel="C"><SampleSize>75</SampleSize><SampleMean>18.942218780517578</SampleMean><SampleMed>19.12944221496582</SampleMed><SampleStd>1.8003079381188409</SampleStd><Sample95thPct>22.167427062988281</Sample95thPct><NumBins>30</NumBins><BinCount>0</BinCount><BinCount>1</BinCount><BinCount>0</BinCount><BinCount>0</BinCount><BinCount>0</BinCount><BinCount>0</BinCount><BinCount>0</BinCount><BinCount>0</BinCount><BinCount>0</BinCount><BinCount>2</BinCount><BinCount>1</BinCount><BinCount>1</BinCount><BinCount>2</BinCount><BinCount>3</BinCount><BinCount>6</BinCount><BinCount>4</BinCount><BinCount>2</BinCount><BinCount>5</BinCount><BinCount>4</BinCount><BinCount>8</BinCount><BinCount>5</BinCount><BinCount>10</BinCount><BinCount>8</BinCount><BinCount>1</BinCount><BinCount>1</BinCount><BinCount>3</BinCount><BinCount>2</BinCount><BinCount>2</BinCount><BinCount>1</BinCount><BinCount>2</BinCount><BinCount>0</BinCount><BinCount>1</BinCount><BinWidth>0.34330624341964722</BinWidth><MinOutlierValue>12.617667198181152</MinOutlierValue><MinBinValue>12.617667198181152</MinBinValue><MaxBinValue>22.573537826538086</MaxBinValue><MaxOutlierValue>22.916854858398438</MaxOutlierValue><MetricDescription>Local Signal to Noise Ratio: ChannelC</MetricDescription></LocalSnrDist><LocalSnrDist Channel="A"><SampleSize>75</SampleSize><SampleMean>4.8916530609130859</SampleMean><SampleMed>4.9516329765319824</SampleMed><SampleStd>0.46392011022258706</SampleStd><Sample95thPct>5.5270771980285645</Sample95thPct><NumBins>30</NumBins><BinCount>0</BinCount><BinCount>1</BinCount><BinCount>0</BinCount><BinCount>0</BinCount><BinCount>0</BinCount><BinCount>0</BinCount><BinCount>1</BinCount><BinCount>1</BinCount><BinCount>4</BinCount><BinCount>2</BinCount><BinCount>1</BinCount><BinCount>2</BinCount><BinCount>2</BinCount><BinCount>6</BinCount><BinCount>3</BinCount><BinCount>2</BinCount><BinCount>3</BinCount><BinCount>7</BinCount><BinCount>5</BinCount><BinCount>6</BinCount><BinCount>6</BinCount><BinCount>5</BinCount><BinCount>4</BinCount><BinCount>6</BinCount><BinCount>3</BinCount><BinCount>3</BinCount><BinCount>0</BinCount><BinCount>1</BinCount><BinCount>0</BinCount><BinCount>0</BinCount><BinCount>1</BinCount><BinCount>0</BinCount><BinWidth>0.083182305097579956</BinWidth><MinOutlierValue>3.4951620101928711</MinOutlierValue><MinBinValue>3.4951620101928711</MinBinValue><MaxBinValue>5.9074497222900391</MaxBinValue><MaxOutlierValue>5.990631103515625</MaxOutlierValue><MetricDescription>Local Signal to Noise Ratio: ChannelA</MetricDescription></LocalSnrDist><TraceClippedFractionDist Channel="T"><SampleSize>3003</SampleSize><SampleMean>5.7662698964122683E-05</SampleMean><SampleMed>2.0833333110203966E-05</SampleMed><SampleStd>0.000508813626500163</SampleStd><Sample95thPct>4.166666985838674E-05</Sample95thPct><NumBins>30</NumBins><BinCount>0</BinCount><BinCount>2939</BinCount><BinCount>27</BinCount><BinCount>5</BinCount><BinCount>6</BinCount><BinCount>1</BinCount><BinCount>1</BinCount><BinCount>0</BinCount><BinCount>1</BinCount><BinCount>1</BinCount><BinCount>1</BinCount><BinCount>0</BinCount><BinCount>0</BinCount><BinCount>0</BinCount><BinCount>0</BinCount><BinCount>0</BinCount><BinCount>0</BinCount><BinCount>0</BinCount><BinCount>0</BinCount><BinCount>0</BinCount><BinCount>0</BinCount><BinCount>0</BinCount><BinCount>0</BinCount><BinCount>2</BinCount><BinCount>1</BinCount><BinCount>1</BinCount><BinCount>0</BinCount><BinCount>0</BinCount><BinCount>0</BinCount><BinCount>0</BinCount><BinCount>0</BinCount><BinCount>17</BinCount><BinWidth>9.9999997473787516E-05</BinWidth><MinOutlierValue>8.333333425980527E-06</MinOutlierValue><MinBinValue>8.333333425980527E-06</MinBinValue><MaxBinValue>0.0029083334375172853</MaxBinValue><MaxOutlierValue>0.021308332681655884</MaxOutlierValue><MetricDescription>Trace Clipped Fraction: Channel T</MetricDescription></TraceClippedFractionDist><TraceClippedFractionDist Channel="G"><SampleSize>3003</SampleSize><SampleMean>4.0645310946274549E-05</SampleMean><SampleMed>2.4999999368446879E-05</SampleMed><SampleStd>0.00020500050454539409</SampleStd><Sample95thPct>4.166666985838674E-05</Sample95thPct><NumBins>30</NumBins><BinCount>0</BinCount><BinCount>2973</BinCount><BinCount>7</BinCount><BinCount>0</BinCount><BinCount>1</BinCount><BinCount>1</BinCount><BinCount>2</BinCount><BinCount>0</BinCount><BinCount>1</BinCount><BinCount>0</BinCount><BinCount>0</BinCount><BinCount>0</BinCount><BinCount>0</BinCount><BinCount>0</BinCount><BinCount>0</BinCount><BinCount>0</BinCount><BinCount>0</BinCount><BinCount>0</BinCount><BinCount>0</BinCount><BinCount>0</BinCount><BinCount>0</BinCount><BinCount>0</BinCount><BinCount>0</BinCount><BinCount>0</BinCount><BinCount>0</BinCount><BinCount>0</BinCount><BinCount>0</BinCount><BinCount>0</BinCount><BinCount>0</BinCount><BinCount>0</BinCount><BinCount>0</BinCount><BinCount>18</BinCount><BinWidth>9.9999997473787516E-05</BinWidth><MinOutlierValue>8.333333425980527E-06</MinOutlierValue><MinBinValue>8.333333425980527E-06</MinBinValue><MaxBinValue>0.0029083334375172853</MaxBinValue><MaxOutlierValue>0.0040333336219191551</MaxOutlierValue><MetricDescription>Trace Clipped Fraction: Channel G</MetricDescription></TraceClippedFractionDist><TraceClippedFractionDist Channel="C"><SampleSize>3003</SampleSize><SampleMean>5.3086889238329604E-05</SampleMean><SampleMed>2.9166665626689792E-05</SampleMed><SampleStd>0.00045967573611077964</SampleStd><Sample95thPct>5.0000002374872565E-05</Sample95thPct><NumBins>30</NumBins><BinCount>0</BinCount><BinCount>2952</BinCount><BinCount>18</BinCount><BinCount>4</BinCount><BinCount>2</BinCount><BinCount>3</BinCount><BinCount>2</BinCount><BinCount>2</BinCount><BinCount>0</BinCount><BinCount>2</BinCount><BinCount>2</BinCount><BinCount>0</BinCount><BinCount>1</BinCount><BinCount>1</BinCount><BinCount>1</BinCount><BinCount>0</BinCount><BinCount>0</BinCount><BinCount>1</BinCount><BinCount>0</BinCount><BinCount>0</BinCount><BinCount>1</BinCount><BinCount>0</BinCount><BinCount>1</BinCount><BinCount>0</BinCount><BinCount>0</BinCount><BinCount>0</BinCount><BinCount>0</BinCount><BinCount>0</BinCount><BinCount>0</BinCount><BinCount>0</BinCount><BinCount>0</BinCount><BinCount>10</BinCount><BinWidth>9.9999997473787516E-05</BinWidth><MinOutlierValue>8.333333425980527E-06</MinOutlierValue><MinBinValue>8.333333425980527E-06</MinBinValue><MaxBinValue>0.0029083334375172853</MaxBinValue><MaxOutlierValue>0.022341666743159294</MaxOutlierValue><MetricDescription>Trace Clipped Fraction: Channel C</MetricDescription></TraceClippedFractionDist><TraceClippedFractionDist Channel="A"><SampleSize>3003</SampleSize><SampleMean>3.9811508031561971E-05</SampleMean><SampleMed>1.6666666851961054E-05</SampleMed><SampleStd>0.00032685359724538628</SampleStd><Sample95thPct>2.9166665626689792E-05</Sample95thPct><NumBins>30</NumBins><BinCount>0</BinCount><BinCount>2983</BinCount><BinCount>3</BinCount><BinCount>0</BinCount><BinCount>0</BinCount><BinCount>0</BinCount><BinCount>0</BinCount><BinCount>0</BinCount><BinCount>0</BinCount><BinCount>0</BinCount><BinCount>1</BinCount><BinCount>0</BinCount><BinCount>0</BinCount><BinCount>0</BinCount><BinCount>0</BinCount><BinCount>1</BinCount><BinCount>0</BinCount><BinCount>0</BinCount><BinCount>0</BinCount><BinCount>0</BinCount><BinCount>0</BinCount><BinCount>0</BinCount><BinCount>0</BinCount><BinCount>0</BinCount><BinCount>0</BinCount><BinCount>0</BinCount><BinCount>0</BinCount><BinCount>0</BinCount><BinCount>0</BinCount><BinCount>0</BinCount><BinCount>0</BinCount><BinCount>15</BinCount><BinWidth>9.9999997473787516E-05</BinWidth><MinOutlierValue>8.333333425980527E-06</MinOutlierValue><MinBinValue>8.333333425980527E-06</MinBinValue><MaxBinValue>0.0029083334375172853</MaxBinValue><MaxOutlierValue>0.0054208333604037762</MaxOutlierValue><MetricDescription>Trace Clipped Fraction: Channel A</MetricDescription></TraceClippedFractionDist><TraceLowClippedFractionDist Channel="T"><SampleSize>3003</SampleSize><SampleMean>4.9387697799829766E-05</SampleMean><SampleMed>1.6666666851961054E-05</SampleMed><SampleStd>0.00050680720226947175</SampleStd><Sample95thPct>3.3333333703922108E-05</Sample95thPct><NumBins>30</NumBins><BinCount>0</BinCount><BinCount>2975</BinCount><BinCount>4</BinCount><BinCount>1</BinCount><BinCount>0</BinCount><BinCount>0</BinCount><BinCount>0</BinCount><BinCount>0</BinCount><BinCount>1</BinCount><BinCount>1</BinCount><BinCount>1</BinCount><BinCount>0</BinCount><BinCount>0</BinCount><BinCount>0</BinCount><BinCount>0</BinCount><BinCount>0</BinCount><BinCount>0</BinCount><BinCount>0</BinCount><BinCount>0</BinCount><BinCount>0</BinCount><BinCount>0</BinCount><BinCount>0</BinCount><BinCount>0</BinCount><BinCount>1</BinCount><BinCount>1</BinCount><BinCount>1</BinCount><BinCount>0</BinCount><BinCount>0</BinCount><BinCount>0</BinCount><BinCount>0</BinCount><BinCount>0</BinCount><BinCount>17</BinCount><BinWidth>9.9999997473787516E-05</BinWidth><MinOutlierValue>4.1666667129902635E-06</MinOutlierValue><MinBinValue>4.1666667129902635E-06</MinBinValue><MaxBinValue>0.0029041667003184557</MaxBinValue><MaxOutlierValue>0.021299999207258224</MaxOutlierValue><MetricDescription>Trace Low Clipped Fraction: Channel T</MetricDescription></TraceLowClippedFractionDist><TraceLowClippedFractionDist Channel="G"><SampleSize>3003</SampleSize><SampleMean>3.5203334846301004E-05</SampleMean><SampleMed>1.6666666851961054E-05</SampleMed><SampleStd>0.00020343158032182717</SampleStd><Sample95thPct>3.7500001781154424E-05</Sample95thPct><NumBins>30</NumBins><BinCount>0</BinCount><BinCount>2977</BinCount><BinCount>5</BinCount><BinCount>0</BinCount><BinCount>0</BinCount><BinCount>1</BinCount><BinCount>2</BinCount><BinCount>0</BinCount><BinCount>1</BinCount><BinCount>0</BinCount><BinCount>0</BinCount><BinCount>0</BinCount><BinCount>0</BinCount><BinCount>0</BinCount><BinCount>0</BinCount><BinCount>0</BinCount><BinCount>0</BinCount><BinCount>0</BinCount><BinCount>0</BinCount><BinCount>0</BinCount><BinCount>0</BinCount><BinCount>0</BinCount><BinCount>0</BinCount><BinCount>0</BinCount><BinCount>0</BinCount><BinCount>0</BinCount><BinCount>0</BinCount><BinCount>0</BinCount><BinCount>0</BinCount><BinCount>0</BinCount><BinCount>0</BinCount><BinCount>17</BinCount><BinWidth>9.9999997473787516E-05</BinWidth><MinOutlierValue>4.1666667129902635E-06</MinOutlierValue><MinBinValue>4.1666667129902635E-06</MinBinValue><MaxBinValue>0.0029041667003184557</MaxBinValue><MaxOutlierValue>0.0040291668847203255</MaxOutlierValue><MetricDescription>Trace Low Clipped Fraction: Channel G</MetricDescription></TraceLowClippedFractionDist><TraceLowClippedFractionDist Channel="C"><SampleSize>3003</SampleSize><SampleMean>4.3160740460734814E-05</SampleMean><SampleMed>2.0833333110203966E-05</SampleMed><SampleStd>0.00045270747023824022</SampleStd><Sample95thPct>4.1666666220407933E-05</Sample95thPct><NumBins>30</NumBins><BinCount>0</BinCount><BinCount>2984</BinCount><BinCount>3</BinCount><BinCount>0</BinCount><BinCount>0</BinCount><BinCount>0</BinCount><BinCount>1</BinCount><BinCount>0</BinCount><BinCount>0</BinCount><BinCount>1</BinCount><BinCount>1</BinCount><BinCount>0</BinCount><BinCount>0</BinCount><BinCount>0</BinCount><BinCount>1</BinCount><BinCount>0</BinCount><BinCount>0</BinCount><BinCount>1</BinCount><BinCount>0</BinCount><BinCount>0</BinCount><BinCount>1</BinCount><BinCount>0</BinCount><BinCount>1</BinCount><BinCount>0</BinCount><BinCount>0</BinCount><BinCount>0</BinCount><BinCount>0</BinCount><BinCount>0</BinCount><BinCount>0</BinCount><BinCount>0</BinCount><BinCount>0</BinCount><BinCount>9</BinCount><BinWidth>9.9999997473787516E-05</BinWidth><MinOutlierValue>4.1666667129902635E-06</MinOutlierValue><MinBinValue>4.1666667129902635E-06</MinBinValue><MaxBinValue>0.0029041667003184557</MaxBinValue><MaxOutlierValue>0.022337500005960464</MaxOutlierValue><MetricDescription>Trace Low Clipped Fraction: Channel C</MetricDescription></TraceLowClippedFractionDist><TraceLowClippedFractionDist Channel="A"><SampleSize>3003</SampleSize><SampleMean>3.5088025470031425E-05</SampleMean><SampleMed>1.249999968422344E-05</SampleMed><SampleStd>0.00032682624899117767</SampleStd><Sample95thPct>2.0833333110203966E-05</Sample95thPct><NumBins>30</NumBins><BinCount>0</BinCount><BinCount>2983</BinCount><BinCount>3</BinCount><BinCount>0</BinCount><BinCount>0</BinCount><BinCount>0</BinCount><BinCount>0</BinCount><BinCount>0</BinCount><BinCount>0</BinCount><BinCount>0</BinCount><BinCount>1</BinCount><BinCount>0</BinCount><BinCount>0</BinCount><BinCount>0</BinCount><BinCount>0</BinCount><BinCount>1</BinCount><BinCount>0</BinCount><BinCount>0</BinCount><BinCount>0</BinCount><BinCount>0</BinCount><BinCount>0</BinCount><BinCount>0</BinCount><BinCount>0</BinCount><BinCount>0</BinCount><BinCount>0</BinCount><BinCount>0</BinCount><BinCount>0</BinCount><BinCount>0</BinCount><BinCount>0</BinCount><BinCount>0</BinCount><BinCount>0</BinCount><BinCount>15</BinCount><BinWidth>9.9999997473787516E-05</BinWidth><MinOutlierValue>4.1666667129902635E-06</MinOutlierValue><MinBinValue>4.1666667129902635E-06</MinBinValue><MaxBinValue>0.0029041667003184557</MaxBinValue><MaxOutlierValue>0.0054166666232049465</MaxOutlierValue><MetricDescription>Trace Low Clipped Fraction: Channel A</MetricDescription></TraceLowClippedFractionDist><TraceHighClippedFractionDist Channel="T"><SampleSize>3003</SampleSize><SampleMean>8.2751294030458666E-06</SampleMean><SampleMed>4.1666667129902635E-06</SampleMed><SampleStd>4.6838000111820337E-05</SampleStd><Sample95thPct>8.333333425980527E-06</Sample95thPct><NumBins>30</NumBins><BinCount>0</BinCount><BinCount>2974</BinCount><BinCount>16</BinCount><BinCount>0</BinCount><BinCount>0</BinCount><BinCount>0</BinCount><BinCount>0</BinCount><BinCount>0</BinCount><BinCount>0</BinCount><BinCount>0</BinCount><BinCount>0</BinCount><BinCount>0</BinCount><BinCount>0</BinCount><BinCount>0</BinCount><BinCount>0</BinCount><BinCount>0</BinCount><BinCount>0</BinCount><BinCount>0</BinCount><BinCount>0</BinCount><BinCount>0</BinCount><BinCount>0</BinCount><BinCount>0</BinCount><BinCount>0</BinCount><BinCount>0</BinCount><BinCount>0</BinCount><BinCount>0</BinCount><BinCount>0</BinCount><BinCount>0</BinCount><BinCount>0</BinCount><BinCount>0</BinCount><BinCount>0</BinCount><BinCount>13</BinCount><BinWidth>9.9999997473787516E-05</BinWidth><MinOutlierValue>4.1666667129902635E-06</MinOutlierValue><MinBinValue>4.1666667129902635E-06</MinBinValue><MaxBinValue>0.0029041667003184557</MaxBinValue><MaxOutlierValue>0.0022041667252779007</MaxOutlierValue><MetricDescription>Trace High Clipped Fraction: Channel T</MetricDescription></TraceHighClippedFractionDist><TraceHighClippedFractionDist Channel="G"><SampleSize>3003</SampleSize><SampleMean>5.4418460422311909E-06</SampleMean><SampleMed>4.1666667129902635E-06</SampleMed><SampleStd>2.5604777178611218E-05</SampleStd><Sample95thPct>8.333333425980527E-06</Sample95thPct><NumBins>30</NumBins><BinCount>0</BinCount><BinCount>2999</BinCount><BinCount>2</BinCount><BinCount>0</BinCount><BinCount>0</BinCount><BinCount>0</BinCount><BinCount>0</BinCount><BinCount>0</BinCount><BinCount>0</BinCount><BinCount>0</BinCount><BinCount>0</BinCount><BinCount>0</BinCount><BinCount>0</BinCount><BinCount>0</BinCount><BinCount>0</BinCount><BinCount>0</BinCount><BinCount>0</BinCount><BinCount>0</BinCount><BinCount>0</BinCount><BinCount>0</BinCount><BinCount>0</BinCount><BinCount>0</BinCount><BinCount>0</BinCount><BinCount>0</BinCount><BinCount>0</BinCount><BinCount>0</BinCount><BinCount>0</BinCount><BinCount>0</BinCount><BinCount>0</BinCount><BinCount>0</BinCount><BinCount>0</BinCount><BinCount>2</BinCount><BinWidth>9.9999997473787516E-05</BinWidth><MinOutlierValue>4.1666667129902635E-06</MinOutlierValue><MinBinValue>4.1666667129902635E-06</MinBinValue><MaxBinValue>0.0029041667003184557</MaxBinValue><MaxOutlierValue>0.0013500000350177288</MaxOutlierValue><MetricDescription>Trace High Clipped Fraction: Channel G</MetricDescription></TraceHighClippedFractionDist><TraceHighClippedFractionDist Channel="C"><SampleSize>3003</SampleSize><SampleMean>9.9262579169590026E-06</SampleMean><SampleMed>4.1666667129902635E-06</SampleMed><SampleStd>8.0976464573871945E-05</SampleStd><Sample95thPct>8.333333425980527E-06</Sample95thPct><NumBins>30</NumBins><BinCount>0</BinCount><BinCount>2976</BinCount><BinCount>11</BinCount><BinCount>3</BinCount><BinCount>3</BinCount><BinCount>0</BinCount><BinCount>0</BinCount><BinCount>0</BinCount><BinCount>0</BinCount><BinCount>0</BinCount><BinCount>0</BinCount><BinCount>0</BinCount><BinCount>0</BinCount><BinCount>0</BinCount><BinCount>0</BinCount><BinCount>0</BinCount><BinCount>0</BinCount><BinCount>0</BinCount><BinCount>0</BinCount><BinCount>0</BinCount><BinCount>0</BinCount><BinCount>0</BinCount><BinCount>0</BinCount><BinCount>0</BinCount><BinCount>0</BinCount><BinCount>0</BinCount><BinCount>0</BinCount><BinCount>0</BinCount><BinCount>0</BinCount><BinCount>0</BinCount><BinCount>0</BinCount><BinCount>10</BinCount><BinWidth>9.9999997473787516E-05</BinWidth><MinOutlierValue>4.1666667129902635E-06</MinOutlierValue><MinBinValue>4.1666667129902635E-06</MinBinValue><MaxBinValue>0.0029041667003184557</MaxBinValue><MaxOutlierValue>0.003616666654124856</MaxOutlierValue><MetricDescription>Trace High Clipped Fraction: Channel C</MetricDescription></TraceHighClippedFractionDist><TraceHighClippedFractionDist Channel="A"><SampleSize>3003</SampleSize><SampleMean>4.7231173994077835E-06</SampleMean><SampleMed>4.1666667129902635E-06</SampleMed><SampleStd>2.008022742254476E-06</SampleStd><Sample95thPct>8.333333425980527E-06</Sample95thPct><NumBins>30</NumBins><BinCount>0</BinCount><BinCount>2987</BinCount><BinCount>0</BinCount><BinCount>0</BinCount><BinCount>0</BinCount><BinCount>0</BinCount><BinCount>0</BinCount><BinCount>0</BinCount><BinCount>0</BinCount><BinCount>0</BinCount><BinCount>0</BinCount><BinCount>0</BinCount><BinCount>0</BinCount><BinCount>0</BinCount><BinCount>0</BinCount><BinCount>0</BinCount><BinCount>0</BinCount><BinCount>0</BinCount><BinCount>0</BinCount><BinCount>0</BinCount><BinCount>0</BinCount><BinCount>0</BinCount><BinCount>0</BinCount><BinCount>0</BinCount><BinCount>0</BinCount><BinCount>0</BinCount><BinCount>0</BinCount><BinCount>0</BinCount><BinCount>0</BinCount><BinCount>0</BinCount><BinCount>0</BinCount><BinCount>16</BinCount><BinWidth>9.9999997473787516E-05</BinWidth><MinOutlierValue>4.1666667129902635E-06</MinOutlierValue><MinBinValue>4.1666667129902635E-06</MinBinValue><MaxBinValue>0.0029041667003184557</MaxBinValue><MaxOutlierValue>4.9999998736893758E-05</MaxOutlierValue><MetricDescription>Trace High Clipped Fraction: Channel A</MetricDescription></TraceHighClippedFractionDist><PausinessDist><SampleSize>901</SampleSize><SampleMean>0.01138667855411768</SampleMean><SampleMed>0.0071180872619152069</SampleMed><SampleStd>0.014655512865526819</SampleStd><Sample95thPct>0.035256411880254745</Sample95thPct><NumBins>30</NumBins><BinCount>0</BinCount><BinCount>35</BinCount><BinCount>206</BinCount><BinCount>245</BinCount><BinCount>145</BinCount><BinCount>74</BinCount><BinCount>39</BinCount><BinCount>24</BinCount><BinCount>17</BinCount><BinCount>12</BinCount><BinCount>13</BinCount><BinCount>11</BinCount><BinCount>14</BinCount><BinCount>8</BinCount><BinCount>13</BinCount><BinCount>7</BinCount><BinCount>8</BinCount><BinCount>8</BinCount><BinCount>3</BinCount><BinCount>2</BinCount><BinCount>0</BinCount><BinCount>0</BinCount><BinCount>2</BinCount><BinCount>1</BinCount><BinCount>1</BinCount><BinCount>0</BinCount><BinCount>3</BinCount><BinCount>1</BinCount><BinCount>0</BinCount><BinCount>0</BinCount><BinCount>2</BinCount><BinCount>7</BinCount><BinWidth>0.0024990811944007874</BinWidth><MinOutlierValue>0</MinOutlierValue><MinBinValue>0</MinBinValue><MaxBinValue>0.072473354637622833</MaxBinValue><MaxOutlierValue>0.21463415026664734</MaxOutlierValue><MetricDescription>Pausiness</MetricDescription></PausinessDist><MedianInsertDist><SampleSize>973</SampleSize><SampleMean>513.21990966796875</SampleMean><SampleMed>350</SampleMed><SampleStd>575.83020626506971</SampleStd><Sample95thPct>1322</Sample95thPct><NumBins>30</NumBins><BinCount>0</BinCount><BinCount>714</BinCount><BinCount>101</BinCount><BinCount>32</BinCount><BinCount>18</BinCount><BinCount>13</BinCount><BinCount>8</BinCount><BinCount>5</BinCount><BinCount>6</BinCount><BinCount>7</BinCount><BinCount>10</BinCount><BinCount>10</BinCount><BinCount>1</BinCount><BinCount>2</BinCount><BinCount>0</BinCount><BinCount>4</BinCount><BinCount>6</BinCount><BinCount>3</BinCount><BinCount>1</BinCount><BinCount>7</BinCount><BinCount>1</BinCount><BinCount>3</BinCount><BinCount>4</BinCount><BinCount>1</BinCount><BinCount>0</BinCount><BinCount>3</BinCount><BinCount>0</BinCount><BinCount>1</BinCount><BinCount>0</BinCount><BinCount>2</BinCount><BinCount>1</BinCount><BinCount>9</BinCount><BinWidth>93.333335876464844</BinWidth><MinOutlierValue>289</MinOutlierValue><MinBinValue>289</MinBinValue><MaxBinValue>2995.666259765625</MaxBinValue><MaxOutlierValue>6278</MaxOutlierValue><MetricDescription>Median Insert</MetricDescription></MedianInsertDist><SnrDist Channel="T"><SampleSize>901</SampleSize><SampleMean>14.248250961303711</SampleMean><SampleMed>14.389947891235352</SampleMed><SampleStd>3.6444464573836761</SampleStd><Sample95thPct>20.040718078613281</Sample95thPct><NumBins>30</NumBins><BinCount>0</BinCount><BinCount>3</BinCount><BinCount>3</BinCount><BinCount>6</BinCount><BinCount>4</BinCount><BinCount>4</BinCount><BinCount>19</BinCount><BinCount>13</BinCount><BinCount>33</BinCount><BinCount>40</BinCount><BinCount>43</BinCount><BinCount>52</BinCount><BinCount>49</BinCount><BinCount>61</BinCount><BinCount>62</BinCount><BinCount>81</BinCount><BinCount>71</BinCount><BinCount>69</BinCount><BinCount>62</BinCount><BinCount>69</BinCount><BinCount>48</BinCount><BinCount>32</BinCount><BinCount>24</BinCount><BinCount>21</BinCount><BinCount>14</BinCount><BinCount>12</BinCount><BinCount>2</BinCount><BinCount>1</BinCount><BinCount>2</BinCount><BinCount>0</BinCount><BinCount>0</BinCount><BinCount>1</BinCount><BinWidth>0.753148078918457</BinWidth><MinOutlierValue>3.310370922088623</MinOutlierValue><MinBinValue>3.310370922088623</MinBinValue><MaxBinValue>25.151653289794922</MaxBinValue><MaxOutlierValue>25.904813766479492</MaxOutlierValue><MetricDescription>Signal to Noise Ratio: Channel T</MetricDescription></SnrDist><SnrDist Channel="G"><SampleSize>901</SampleSize><SampleMean>13.593111991882324</SampleMean><SampleMed>13.736404418945313</SampleMed><SampleStd>3.4800243434479934</SampleStd><Sample95thPct>19.014364242553711</Sample95thPct><NumBins>30</NumBins><BinCount>0</BinCount><BinCount>4</BinCount><BinCount>3</BinCount><BinCount>4</BinCount><BinCount>3</BinCount><BinCount>3</BinCount><BinCount>6</BinCount><BinCount>24</BinCount><BinCount>19</BinCount><BinCount>37</BinCount><BinCount>40</BinCount><BinCount>39</BinCount><BinCount>42</BinCount><BinCount>46</BinCount><BinCount>53</BinCount><BinCount>70</BinCount><BinCount>81</BinCount><BinCount>66</BinCount><BinCount>62</BinCount><BinCount>67</BinCount><BinCount>67</BinCount><BinCount>48</BinCount><BinCount>34</BinCount><BinCount>35</BinCount><BinCount>15</BinCount><BinCount>17</BinCount><BinCount>7</BinCount><BinCount>5</BinCount><BinCount>1</BinCount><BinCount>1</BinCount><BinCount>1</BinCount><BinCount>1</BinCount><BinWidth>0.6932263970375061</BinWidth><MinOutlierValue>2.8627269268035889</MinOutlierValue><MinBinValue>2.8627269268035889</MinBinValue><MaxBinValue>22.966291427612305</MaxBinValue><MaxOutlierValue>23.659519195556641</MaxOutlierValue><MetricDescription>Signal to Noise Ratio: Channel G</MetricDescription></SnrDist><SnrDist Channel="C"><SampleSize>901</SampleSize><SampleMean>19.750259399414063</SampleMean><SampleMed>19.943510055541992</SampleMed><SampleStd>5.2645709229987609</SampleStd><Sample95thPct>27.65349006652832</Sample95thPct><NumBins>30</NumBins><BinCount>0</BinCount><BinCount>4</BinCount><BinCount>2</BinCount><BinCount>4</BinCount><BinCount>5</BinCount><BinCount>7</BinCount><BinCount>7</BinCount><BinCount>28</BinCount><BinCount>30</BinCount><BinCount>29</BinCount><BinCount>40</BinCount><BinCount>33</BinCount><BinCount>46</BinCount><BinCount>52</BinCount><BinCount>52</BinCount><BinCount>73</BinCount><BinCount>66</BinCount><BinCount>60</BinCount><BinCount>60</BinCount><BinCount>63</BinCount><BinCount>69</BinCount><BinCount>46</BinCount><BinCount>38</BinCount><BinCount>36</BinCount><BinCount>25</BinCount><BinCount>15</BinCount><BinCount>4</BinCount><BinCount>2</BinCount><BinCount>3</BinCount><BinCount>1</BinCount><BinCount>1</BinCount><BinCount>0</BinCount><BinWidth>1.0173949003219604</BinWidth><MinOutlierValue>4.1503148078918457</MinOutlierValue><MinBinValue>4.1503148078918457</MinBinValue><MaxBinValue>33.654769897460938</MaxBinValue><MaxOutlierValue>34.672161102294922</MaxOutlierValue><MetricDescription>Signal to Noise Ratio: Channel C</MetricDescription></SnrDist><SnrDist Channel="A"><SampleSize>901</SampleSize><SampleMean>5.1168856620788574</SampleMean><SampleMed>5.1860790252685547</SampleMed><SampleStd>1.4369712027947747</SampleStd><Sample95thPct>7.3858575820922852</Sample95thPct><NumBins>30</NumBins><BinCount>0</BinCount><BinCount>15</BinCount><BinCount>30</BinCount><BinCount>32</BinCount><BinCount>35</BinCount><BinCount>35</BinCount><BinCount>38</BinCount><BinCount>42</BinCount><BinCount>45</BinCount><BinCount>48</BinCount><BinCount>39</BinCount><BinCount>52</BinCount><BinCount>52</BinCount><BinCount>53</BinCount><BinCount>65</BinCount><BinCount>57</BinCount><BinCount>47</BinCount><BinCount>51</BinCount><BinCount>38</BinCount><BinCount>39</BinCount><BinCount>26</BinCount><BinCount>24</BinCount><BinCount>17</BinCount><BinCount>6</BinCount><BinCount>6</BinCount><BinCount>5</BinCount><BinCount>2</BinCount><BinCount>0</BinCount><BinCount>0</BinCount><BinCount>1</BinCount><BinCount>0</BinCount><BinCount>1</BinCount><BinWidth>0.24962408840656281</BinWidth><MinOutlierValue>2.2505083084106445</MinOutlierValue><MinBinValue>2.2505083084106445</MinBinValue><MaxBinValue>9.4896097183227539</MaxBinValue><MaxOutlierValue>9.73923110961914</MaxOutlierValue><MetricDescription>Signal to Noise Ratio: Channel A</MetricDescription></SnrDist><HqRegionSnrDist Channel="T"><SampleSize>901</SampleSize><SampleMean>14.547520637512207</SampleMean><SampleMed>14.705161094665527</SampleMed><SampleStd>3.67948694546252</SampleStd><Sample95thPct>20.568771362304688</Sample95thPct><NumBins>30</NumBins><BinCount>0</BinCount><BinCount>6</BinCount><BinCount>3</BinCount><BinCount>4</BinCount><BinCount>4</BinCount><BinCount>7</BinCount><BinCount>14</BinCount><BinCount>19</BinCount><BinCount>24</BinCount><BinCount>45</BinCount><BinCount>45</BinCount><BinCount>41</BinCount><BinCount>49</BinCount><BinCount>65</BinCount><BinCount>68</BinCount><BinCount>70</BinCount><BinCount>62</BinCount><BinCount>78</BinCount><BinCount>60</BinCount><BinCount>70</BinCount><BinCount>53</BinCount><BinCount>35</BinCount><BinCount>23</BinCount><BinCount>18</BinCount><BinCount>17</BinCount><BinCount>11</BinCount><BinCount>3</BinCount><BinCount>3</BinCount><BinCount>2</BinCount><BinCount>1</BinCount><BinCount>1</BinCount><BinCount>0</BinCount><BinWidth>0.74820202589035034</BinWidth><MinOutlierValue>3.6080074310302734</MinOutlierValue><MinBinValue>3.6080074310302734</MinBinValue><MaxBinValue>25.30586051940918</MaxBinValue><MaxOutlierValue>26.054067611694336</MaxOutlierValue><MetricDescription>HQ Region Signal to Noise Ratio: Channel T</MetricDescription></HqRegionSnrDist><HqRegionSnrDist Channel="G"><SampleSize>901</SampleSize><SampleMean>13.759387016296387</SampleMean><SampleMed>13.927214622497559</SampleMed><SampleStd>3.5642350817171571</SampleStd><Sample95thPct>19.266447067260742</Sample95thPct><NumBins>30</NumBins><BinCount>0</BinCount><BinCount>5</BinCount><BinCount>4</BinCount><BinCount>3</BinCount><BinCount>4</BinCount><BinCount>3</BinCount><BinCount>8</BinCount><BinCount>23</BinCount><BinCount>19</BinCount><BinCount>38</BinCount><BinCount>33</BinCount><BinCount>38</BinCount><BinCount>49</BinCount><BinCount>45</BinCount><BinCount>53</BinCount><BinCount>72</BinCount><BinCount>78</BinCount><BinCount>69</BinCount><BinCount>51</BinCount><BinCount>68</BinCount><BinCount>66</BinCount><BinCount>57</BinCount><BinCount>31</BinCount><BinCount>32</BinCount><BinCount>19</BinCount><BinCount>16</BinCount><BinCount>7</BinCount><BinCount>5</BinCount><BinCount>2</BinCount><BinCount>1</BinCount><BinCount>1</BinCount><BinCount>1</BinCount><BinWidth>0.70065438747406006</BinWidth><MinOutlierValue>2.9148297309875488</MinOutlierValue><MinBinValue>2.9148297309875488</MinBinValue><MaxBinValue>23.233810424804688</MaxBinValue><MaxOutlierValue>23.93446159362793</MaxOutlierValue><MetricDescription>HQ Region Signal to Noise Ratio: Channel G</MetricDescription></HqRegionSnrDist><HqRegionSnrDist Channel="C"><SampleSize>901</SampleSize><SampleMean>20.342691421508789</SampleMean><SampleMed>20.716117858886719</SampleMed><SampleStd>5.340659339237571</SampleStd><Sample95thPct>28.580410003662109</Sample95thPct><NumBins>30</NumBins><BinCount>0</BinCount><BinCount>5</BinCount><BinCount>2</BinCount><BinCount>4</BinCount><BinCount>3</BinCount><BinCount>3</BinCount><BinCount>7</BinCount><BinCount>28</BinCount><BinCount>22</BinCount><BinCount>37</BinCount><BinCount>33</BinCount><BinCount>35</BinCount><BinCount>44</BinCount><BinCount>41</BinCount><BinCount>53</BinCount><BinCount>65</BinCount><BinCount>64</BinCount><BinCount>60</BinCount><BinCount>61</BinCount><BinCount>66</BinCount><BinCount>68</BinCount><BinCount>63</BinCount><BinCount>35</BinCount><BinCount>28</BinCount><BinCount>35</BinCount><BinCount>21</BinCount><BinCount>7</BinCount><BinCount>6</BinCount><BinCount>1</BinCount><BinCount>2</BinCount><BinCount>1</BinCount><BinCount>1</BinCount><BinWidth>1.016438364982605</BinWidth><MinOutlierValue>4.3591852188110352</MinOutlierValue><MinBinValue>4.3591852188110352</MinBinValue><MaxBinValue>33.835884094238281</MaxBinValue><MaxOutlierValue>34.852336883544922</MaxOutlierValue><MetricDescription>HQ Region Signal to Noise Ratio: Channel C</MetricDescription></HqRegionSnrDist><HqRegionSnrDist Channel="A"><SampleSize>901</SampleSize><SampleMean>5.1856765747070313</SampleMean><SampleMed>5.2631487846374512</SampleMed><SampleStd>1.4742920190686248</SampleStd><Sample95thPct>7.5990309715271</Sample95thPct><NumBins>30</NumBins><BinCount>0</BinCount><BinCount>35</BinCount><BinCount>38</BinCount><BinCount>36</BinCount><BinCount>31</BinCount><BinCount>39</BinCount><BinCount>39</BinCount><BinCount>37</BinCount><BinCount>52</BinCount><BinCount>35</BinCount><BinCount>38</BinCount><BinCount>54</BinCount><BinCount>49</BinCount><BinCount>55</BinCount><BinCount>55</BinCount><BinCount>49</BinCount><BinCount>55</BinCount><BinCount>43</BinCount><BinCount>40</BinCount><BinCount>34</BinCount><BinCount>23</BinCount><BinCount>18</BinCount><BinCount>17</BinCount><BinCount>15</BinCount><BinCount>4</BinCount><BinCount>5</BinCount><BinCount>1</BinCount><BinCount>1</BinCount><BinCount>0</BinCount><BinCount>1</BinCount><BinCount>2</BinCount><BinCount>0</BinCount><BinWidth>0.24183858931064606</BinWidth><MinOutlierValue>2.5027980804443359</MinOutlierValue><MinBinValue>2.5027980804443359</MinBinValue><MaxBinValue>9.5161151885986328</MaxBinValue><MaxOutlierValue>9.7579555511474609</MaxOutlierValue><MetricDescription>HQ Region Signal to Noise Ratio: Channel A</MetricDescription></HqRegionSnrDist><HqBasPkMidDist Channel="T"><SampleSize>901</SampleSize><SampleMean>358.24462890625</SampleMean><SampleMed>347.89581298828125</SampleMed><SampleStd>119.37778659097569</SampleStd><Sample95thPct>564.41485595703125</Sample95thPct><NumBins>30</NumBins><BinCount>0</BinCount><BinCount>5</BinCount><BinCount>4</BinCount><BinCount>9</BinCount><BinCount>17</BinCount><BinCount>28</BinCount><BinCount>37</BinCount><BinCount>43</BinCount><BinCount>38</BinCount><BinCount>71</BinCount><BinCount>77</BinCount><BinCount>75</BinCount><BinCount>73</BinCount><BinCount>68</BinCount><BinCount>56</BinCount><BinCount>59</BinCount><BinCount>43</BinCount><BinCount>42</BinCount><BinCount>42</BinCount><BinCount>28</BinCount><BinCount>27</BinCount><BinCount>17</BinCount><BinCount>13</BinCount><BinCount>7</BinCount><BinCount>9</BinCount><BinCount>5</BinCount><BinCount>2</BinCount><BinCount>0</BinCount><BinCount>5</BinCount><BinCount>0</BinCount><BinCount>1</BinCount><BinCount>0</BinCount><BinWidth>23.76563835144043</BinWidth><MinOutlierValue>71.2326431274414</MinOutlierValue><MinBinValue>71.2326431274414</MinBinValue><MaxBinValue>760.4359130859375</MaxBinValue><MaxOutlierValue>784.2017822265625</MaxOutlierValue><MetricDescription>Hiqh Quality Base PkMid: Channel T</MetricDescription></HqBasPkMidDist><HqBasPkMidDist Channel="G"><SampleSize>901</SampleSize><SampleMean>407.01336669921875</SampleMean><SampleMed>394.67095947265625</SampleMed><SampleStd>141.23425788301876</SampleStd><Sample95thPct>652.57049560546875</Sample95thPct><NumBins>30</NumBins><BinCount>0</BinCount><BinCount>3</BinCount><BinCount>8</BinCount><BinCount>10</BinCount><BinCount>23</BinCount><BinCount>33</BinCount><BinCount>50</BinCount><BinCount>35</BinCount><BinCount>67</BinCount><BinCount>65</BinCount><BinCount>88</BinCount><BinCount>84</BinCount><BinCount>69</BinCount><BinCount>64</BinCount><BinCount>61</BinCount><BinCount>58</BinCount><BinCount>44</BinCount><BinCount>48</BinCount><BinCount>17</BinCount><BinCount>21</BinCount><BinCount>19</BinCount><BinCount>10</BinCount><BinCount>5</BinCount><BinCount>7</BinCount><BinCount>7</BinCount><BinCount>2</BinCount><BinCount>1</BinCount><BinCount>0</BinCount><BinCount>1</BinCount><BinCount>0</BinCount><BinCount>0</BinCount><BinCount>1</BinCount><BinWidth>30.268688201904297</BinWidth><MinOutlierValue>68.062210083007813</MinOutlierValue><MinBinValue>68.062210083007813</MinBinValue><MaxBinValue>945.85394287109375</MaxBinValue><MaxOutlierValue>976.12286376953125</MaxOutlierValue><MetricDescription>Hiqh Quality Base PkMid: Channel G</MetricDescription></HqBasPkMidDist><HqBasPkMidDist Channel="C"><SampleSize>901</SampleSize><SampleMean>609.19549560546875</SampleMean><SampleMed>598.45281982421875</SampleMed><SampleStd>207.34965072542877</SampleStd><Sample95thPct>969.83209228515625</Sample95thPct><NumBins>30</NumBins><BinCount>0</BinCount><BinCount>4</BinCount><BinCount>5</BinCount><BinCount>7</BinCount><BinCount>24</BinCount><BinCount>31</BinCount><BinCount>45</BinCount><BinCount>47</BinCount><BinCount>54</BinCount><BinCount>67</BinCount><BinCount>81</BinCount><BinCount>79</BinCount><BinCount>85</BinCount><BinCount>68</BinCount><BinCount>62</BinCount><BinCount>57</BinCount><BinCount>49</BinCount><BinCount>42</BinCount><BinCount>26</BinCount><BinCount>19</BinCount><BinCount>17</BinCount><BinCount>10</BinCount><BinCount>6</BinCount><BinCount>4</BinCount><BinCount>5</BinCount><BinCount>5</BinCount><BinCount>0</BinCount><BinCount>1</BinCount><BinCount>0</BinCount><BinCount>0</BinCount><BinCount>1</BinCount><BinCount>0</BinCount><BinWidth>45.312530517578125</BinWidth><MinOutlierValue>96.692466735839844</MinOutlierValue><MinBinValue>96.692466735839844</MinBinValue><MaxBinValue>1410.7552490234375</MaxBinValue><MaxOutlierValue>1456.068359375</MaxOutlierValue><MetricDescription>Hiqh Quality Base PkMid: Channel C</MetricDescription></HqBasPkMidDist><HqBasPkMidDist Channel="A"><SampleSize>901</SampleSize><SampleMean>119.5108642578125</SampleMean><SampleMed>114.92620849609375</SampleMed><SampleStd>42.167555973593807</SampleStd><Sample95thPct>195.30955505371094</Sample95thPct><NumBins>30</NumBins><BinCount>0</BinCount><BinCount>5</BinCount><BinCount>31</BinCount><BinCount>35</BinCount><BinCount>57</BinCount><BinCount>52</BinCount><BinCount>68</BinCount><BinCount>60</BinCount><BinCount>82</BinCount><BinCount>83</BinCount><BinCount>65</BinCount><BinCount>66</BinCount><BinCount>53</BinCount><BinCount>60</BinCount><BinCount>36</BinCount><BinCount>33</BinCount><BinCount>29</BinCount><BinCount>21</BinCount><BinCount>22</BinCount><BinCount>15</BinCount><BinCount>6</BinCount><BinCount>4</BinCount><BinCount>2</BinCount><BinCount>8</BinCount><BinCount>5</BinCount><BinCount>1</BinCount><BinCount>0</BinCount><BinCount>0</BinCount><BinCount>0</BinCount><BinCount>1</BinCount><BinCount>1</BinCount><BinCount>0</BinCount><BinWidth>8.7127361297607422</BinWidth><MinOutlierValue>38.521022796630859</MinOutlierValue><MinBinValue>38.521022796630859</MinBinValue><MaxBinValue>291.19039916992188</MaxBinValue><MaxOutlierValue>299.90310668945313</MaxOutlierValue><MetricDescription>Hiqh Quality Base PkMid: Channel A</MetricDescription></HqBasPkMidDist><BaselineLevelSequencingDist Channel="T"><SampleSize>2876</SampleSize><SampleMean>127.46442413330078</SampleMean><SampleMed>125.62034606933594</SampleMed><SampleStd>23.943156771707894</SampleStd><Sample95thPct>169.91938781738281</Sample95thPct><NumBins>30</NumBins><BinCount>0</BinCount><BinCount>1</BinCount><BinCount>0</BinCount><BinCount>0</BinCount><BinCount>0</BinCount><BinCount>3</BinCount><BinCount>4</BinCount><BinCount>20</BinCount><BinCount>44</BinCount><BinCount>91</BinCount><BinCount>158</BinCount><BinCount>201</BinCount><BinCount>258</BinCount><BinCount>312</BinCount><BinCount>349</BinCount><BinCount>319</BinCount><BinCount>270</BinCount><BinCount>231</BinCount><BinCount>173</BinCount><BinCount>150</BinCount><BinCount>98</BinCount><BinCount>75</BinCount><BinCount>47</BinCount><BinCount>35</BinCount><BinCount>16</BinCount><BinCount>13</BinCount><BinCount>5</BinCount><BinCount>2</BinCount><BinCount>0</BinCount><BinCount>0</BinCount><BinCount>1</BinCount><BinCount>0</BinCount><BinWidth>6.710296630859375</BinWidth><MinOutlierValue>31.709354400634766</MinOutlierValue><MinBinValue>31.709354400634766</MinBinValue><MaxBinValue>226.30795288085938</MaxBinValue><MaxOutlierValue>233.01824951171875</MaxOutlierValue><MetricDescription>Baseline Level Sequencing Zmws: Channel T</MetricDescription></BaselineLevelSequencingDist><BaselineLevelSequencingDist Channel="G"><SampleSize>2876</SampleSize><SampleMean>155.37020874023438</SampleMean><SampleMed>152.53353881835938</SampleMed><SampleStd>32.299547269440147</SampleStd><Sample95thPct>213.06045532226563</Sample95thPct><NumBins>30</NumBins><BinCount>0</BinCount><BinCount>1</BinCount><BinCount>0</BinCount><BinCount>0</BinCount><BinCount>2</BinCount><BinCount>0</BinCount><BinCount>13</BinCount><BinCount>30</BinCount><BinCount>75</BinCount><BinCount>110</BinCount><BinCount>184</BinCount><BinCount>207</BinCount><BinCount>291</BinCount><BinCount>306</BinCount><BinCount>322</BinCount><BinCount>314</BinCount><BinCount>231</BinCount><BinCount>199</BinCount><BinCount>182</BinCount><BinCount>124</BinCount><BinCount>93</BinCount><BinCount>78</BinCount><BinCount>40</BinCount><BinCount>31</BinCount><BinCount>20</BinCount><BinCount>10</BinCount><BinCount>8</BinCount><BinCount>3</BinCount><BinCount>1</BinCount><BinCount>0</BinCount><BinCount>1</BinCount><BinCount>0</BinCount><BinWidth>8.6336765289306641</BinWidth><MinOutlierValue>34.896900177001953</MinOutlierValue><MinBinValue>34.896900177001953</MinBinValue><MaxBinValue>285.2735595703125</MaxBinValue><MaxOutlierValue>293.90719604492188</MaxOutlierValue><MetricDescription>Baseline Level Sequencing Zmws: Channel G</MetricDescription></BaselineLevelSequencingDist><BaselineLevelSequencingDist Channel="C"><SampleSize>2876</SampleSize><SampleMean>138.82942199707031</SampleMean><SampleMed>136.32778930664063</SampleMed><SampleStd>30.032402403775606</SampleStd><Sample95thPct>191.48027038574219</Sample95thPct><NumBins>30</NumBins><BinCount>0</BinCount><BinCount>1</BinCount><BinCount>0</BinCount><BinCount>1</BinCount><BinCount>1</BinCount><BinCount>7</BinCount><BinCount>27</BinCount><BinCount>54</BinCount><BinCount>101</BinCount><BinCount>169</BinCount><BinCount>195</BinCount><BinCount>238</BinCount><BinCount>305</BinCount><BinCount>323</BinCount><BinCount>291</BinCount><BinCount>281</BinCount><BinCount>231</BinCount><BinCount>165</BinCount><BinCount>144</BinCount><BinCount>111</BinCount><BinCount>87</BinCount><BinCount>54</BinCount><BinCount>31</BinCount><BinCount>24</BinCount><BinCount>15</BinCount><BinCount>11</BinCount><BinCount>5</BinCount><BinCount>2</BinCount><BinCount>1</BinCount><BinCount>0</BinCount><BinCount>0</BinCount><BinCount>1</BinCount><BinWidth>7.8969817161560059</BinWidth><MinOutlierValue>33.4149169921875</MinOutlierValue><MinBinValue>33.4149169921875</MinBinValue><MaxBinValue>262.42745971679688</MaxBinValue><MaxOutlierValue>270.32437133789063</MaxOutlierValue><MetricDescription>Baseline Level Sequencing Zmws: Channel C</MetricDescription></BaselineLevelSequencingDist><BaselineLevelSequencingDist Channel="A"><SampleSize>2876</SampleSize><SampleMean>104.74090576171875</SampleMean><SampleMed>102.96990203857422</SampleMed><SampleStd>21.346516132742448</SampleStd><Sample95thPct>142.48335266113281</Sample95thPct><NumBins>30</NumBins><BinCount>0</BinCount><BinCount>1</BinCount><BinCount>0</BinCount><BinCount>1</BinCount><BinCount>2</BinCount><BinCount>12</BinCount><BinCount>19</BinCount><BinCount>53</BinCount><BinCount>125</BinCount><BinCount>170</BinCount><BinCount>217</BinCount><BinCount>262</BinCount><BinCount>343</BinCount><BinCount>325</BinCount><BinCount>294</BinCount><BinCount>257</BinCount><BinCount>219</BinCount><BinCount>172</BinCount><BinCount>129</BinCount><BinCount>99</BinCount><BinCount>71</BinCount><BinCount>39</BinCount><BinCount>20</BinCount><BinCount>20</BinCount><BinCount>15</BinCount><BinCount>5</BinCount><BinCount>4</BinCount><BinCount>1</BinCount><BinCount>0</BinCount><BinCount>0</BinCount><BinCount>1</BinCount><BinCount>0</BinCount><BinWidth>5.8429818153381348</BinWidth><MinOutlierValue>28.748846054077148</MinOutlierValue><MinBinValue>28.748846054077148</MinBinValue><MaxBinValue>198.19537353515625</MaxBinValue><MaxOutlierValue>204.03829956054688</MaxOutlierValue><MetricDescription>Baseline Level Sequencing Zmws: Channel A</MetricDescription></BaselineLevelSequencingDist><BaselineLevelAntiholeDist Channel="T"><SampleSize>57</SampleSize><SampleMean>36.149978637695313</SampleMean><SampleMed>36.253532409667969</SampleMed><SampleStd>3.8963753169376552</SampleStd><Sample95thPct>41.893337249755859</Sample95thPct><NumBins>30</NumBins><BinCount>0</BinCount><BinCount>1</BinCount><BinCount>0</BinCount><BinCount>0</BinCount><BinCount>1</BinCount><BinCount>0</BinCount><BinCount>0</BinCount><BinCount>0</BinCount><BinCount>1</BinCount><BinCount>0</BinCount><BinCount>2</BinCount><BinCount>1</BinCount><BinCount>2</BinCount><BinCount>4</BinCount><BinCount>4</BinCount><BinCount>1</BinCount><BinCount>4</BinCount><BinCount>1</BinCount><BinCount>3</BinCount><BinCount>5</BinCount><BinCount>2</BinCount><BinCount>1</BinCount><BinCount>2</BinCount><BinCount>6</BinCount><BinCount>3</BinCount><BinCount>1</BinCount><BinCount>3</BinCount><BinCount>2</BinCount><BinCount>1</BinCount><BinCount>4</BinCount><BinCount>1</BinCount><BinCount>1</BinCount><BinWidth>0.57887959480285645</BinWidth><MinOutlierValue>25.316518783569336</MinOutlierValue><MinBinValue>25.316518783569336</MinBinValue><MaxBinValue>42.104045867919922</MaxBinValue><MaxOutlierValue>42.682907104492188</MaxOutlierValue><MetricDescription>Baseline Level Antiholes: Channel T</MetricDescription></BaselineLevelAntiholeDist><BaselineLevelAntiholeDist Channel="G"><SampleSize>57</SampleSize><SampleMean>32.630542755126953</SampleMean><SampleMed>32.528324127197266</SampleMed><SampleStd>2.9447818642740256</SampleStd><Sample95thPct>36.551986694335938</Sample95thPct><NumBins>30</NumBins><BinCount>0</BinCount><BinCount>1</BinCount><BinCount>0</BinCount><BinCount>0</BinCount><BinCount>0</BinCount><BinCount>0</BinCount><BinCount>0</BinCount><BinCount>1</BinCount><BinCount>0</BinCount><BinCount>0</BinCount><BinCount>1</BinCount><BinCount>0</BinCount><BinCount>1</BinCount><BinCount>0</BinCount><BinCount>2</BinCount><BinCount>2</BinCount><BinCount>3</BinCount><BinCount>2</BinCount><BinCount>3</BinCount><BinCount>5</BinCount><BinCount>4</BinCount><BinCount>7</BinCount><BinCount>1</BinCount><BinCount>3</BinCount><BinCount>3</BinCount><BinCount>1</BinCount><BinCount>2</BinCount><BinCount>5</BinCount><BinCount>4</BinCount><BinCount>4</BinCount><BinCount>2</BinCount><BinCount>0</BinCount><BinWidth>0.48851299285888672</BinWidth><MinOutlierValue>22.53364372253418</MinOutlierValue><MinBinValue>22.53364372253418</MinBinValue><MaxBinValue>36.700546264648438</MaxBinValue><MaxOutlierValue>37.189033508300781</MaxOutlierValue><MetricDescription>Baseline Level Antiholes: Channel G</MetricDescription></BaselineLevelAntiholeDist><BaselineLevelAntiholeDist Channel="C"><SampleSize>57</SampleSize><SampleMean>31.664533615112305</SampleMean><SampleMed>31.600830078125</SampleMed><SampleStd>3.2726938425962517</SampleStd><Sample95thPct>36.734584808349609</Sample95thPct><NumBins>30</NumBins><BinCount>0</BinCount><BinCount>1</BinCount><BinCount>0</BinCount><BinCount>0</BinCount><BinCount>1</BinCount><BinCount>0</BinCount><BinCount>0</BinCount><BinCount>1</BinCount><BinCount>0</BinCount><BinCount>0</BinCount><BinCount>1</BinCount><BinCount>2</BinCount><BinCount>2</BinCount><BinCount>2</BinCount><BinCount>1</BinCount><BinCount>4</BinCount><BinCount>4</BinCount><BinCount>4</BinCount><BinCount>4</BinCount><BinCount>4</BinCount><BinCount>2</BinCount><BinCount>3</BinCount><BinCount>2</BinCount><BinCount>5</BinCount><BinCount>2</BinCount><BinCount>1</BinCount><BinCount>2</BinCount><BinCount>2</BinCount><BinCount>2</BinCount><BinCount>3</BinCount><BinCount>1</BinCount><BinCount>1</BinCount><BinWidth>0.50656545162200928</BinWidth><MinOutlierValue>22.212677001953125</MinOutlierValue><MinBinValue>22.212677001953125</MinBinValue><MaxBinValue>36.9030647277832</MaxBinValue><MaxOutlierValue>37.409641265869141</MaxOutlierValue><MetricDescription>Baseline Level Antiholes: Channel C</MetricDescription></BaselineLevelAntiholeDist><BaselineLevelAntiholeDist Channel="A"><SampleSize>57</SampleSize><SampleMean>27.580789566040039</SampleMean><SampleMed>27.598735809326172</SampleMed><SampleStd>2.7460103023193807</SampleStd><Sample95thPct>31.494913101196289</Sample95thPct><NumBins>30</NumBins><BinCount>0</BinCount><BinCount>2</BinCount><BinCount>0</BinCount><BinCount>0</BinCount><BinCount>0</BinCount><BinCount>1</BinCount><BinCount>0</BinCount><BinCount>0</BinCount><BinCount>1</BinCount><BinCount>2</BinCount><BinCount>0</BinCount><BinCount>2</BinCount><BinCount>2</BinCount><BinCount>1</BinCount><BinCount>1</BinCount><BinCount>4</BinCount><BinCount>2</BinCount><BinCount>1</BinCount><BinCount>3</BinCount><BinCount>9</BinCount><BinCount>2</BinCount><BinCount>0</BinCount><BinCount>6</BinCount><BinCount>2</BinCount><BinCount>2</BinCount><BinCount>2</BinCount><BinCount>3</BinCount><BinCount>3</BinCount><BinCount>2</BinCount><BinCount>2</BinCount><BinCount>2</BinCount><BinCount>0</BinCount><BinWidth>0.39386940002441406</BinWidth><MinOutlierValue>20.245429992675781</MinOutlierValue><MinBinValue>20.245429992675781</MinBinValue><MaxBinValue>31.667642593383789</MaxBinValue><MaxOutlierValue>32.0615119934082</MaxOutlierValue><MetricDescription>Baseline Level Antiholes: Channel A</MetricDescription></BaselineLevelAntiholeDist><BaselineLevelAntimirrorDist Channel="T"><SampleSize>0</SampleSize><SampleMean>0</SampleMean><SampleMed>0</SampleMed><SampleStd>0</SampleStd><Sample95thPct>0</Sample95thPct><NumBins>30</NumBins><BinWidth>0</BinWidth><MinOutlierValue>0</MinOutlierValue><MinBinValue>0</MinBinValue><MaxBinValue>0</MaxBinValue><MaxOutlierValue>0</MaxOutlierValue><MetricDescription>Baseline Level Antimirrors: Channel T</MetricDescription></BaselineLevelAntimirrorDist><BaselineLevelAntimirrorDist Channel="G"><SampleSize>0</SampleSize><SampleMean>0</SampleMean><SampleMed>0</SampleMed><SampleStd>0</SampleStd><Sample95thPct>0</Sample95thPct><NumBins>30</NumBins><BinWidth>0</BinWidth><MinOutlierValue>0</MinOutlierValue><MinBinValue>0</MinBinValue><MaxBinValue>0</MaxBinValue><MaxOutlierValue>0</MaxOutlierValue><MetricDescription>Baseline Level Antimirrors: Channel G</MetricDescription></BaselineLevelAntimirrorDist><BaselineLevelAntimirrorDist Channel="C"><SampleSize>0</SampleSize><SampleMean>0</SampleMean><SampleMed>0</SampleMed><SampleStd>0</SampleStd><Sample95thPct>0</Sample95thPct><NumBins>30</NumBins><BinWidth>0</BinWidth><MinOutlierValue>0</MinOutlierValue><MinBinValue>0</MinBinValue><MaxBinValue>0</MaxBinValue><MaxOutlierValue>0</MaxOutlierValue><MetricDescription>Baseline Level Antimirrors: Channel C</MetricDescription></BaselineLevelAntimirrorDist><BaselineLevelAntimirrorDist Channel="A"><SampleSize>0</SampleSize><SampleMean>0</SampleMean><SampleMed>0</SampleMed><SampleStd>0</SampleStd><Sample95thPct>0</Sample95thPct><NumBins>30</NumBins><BinWidth>0</BinWidth><MinOutlierValue>0</MinOutlierValue><MinBinValue>0</MinBinValue><MaxBinValue>0</MaxBinValue><MaxOutlierValue>0</MaxOutlierValue><MetricDescription>Baseline Level Antimirrors: Channel A</MetricDescription></BaselineLevelAntimirrorDist><BaselineLevelFiducialDist Channel="T"><SampleSize>0</SampleSize><SampleMean>0</SampleMean><SampleMed>0</SampleMed><SampleStd>0</SampleStd><Sample95thPct>0</Sample95thPct><NumBins>30</NumBins><BinWidth>0</BinWidth><MinOutlierValue>0</MinOutlierValue><MinBinValue>0</MinBinValue><MaxBinValue>0</MaxBinValue><MaxOutlierValue>0</MaxOutlierValue><MetricDescription>Baseline Level Fiducial Zmws: Channel T</MetricDescription></BaselineLevelFiducialDist><BaselineLevelFiducialDist Channel="G"><SampleSize>0</SampleSize><SampleMean>0</SampleMean><SampleMed>0</SampleMed><SampleStd>0</SampleStd><Sample95thPct>0</Sample95thPct><NumBins>30</NumBins><BinWidth>0</BinWidth><MinOutlierValue>0</MinOutlierValue><MinBinValue>0</MinBinValue><MaxBinValue>0</MaxBinValue><MaxOutlierValue>0</MaxOutlierValue><MetricDescription>Baseline Level Fiducial Zmws: Channel G</MetricDescription></BaselineLevelFiducialDist><BaselineLevelFiducialDist Channel="C"><SampleSize>0</SampleSize><SampleMean>0</SampleMean><SampleMed>0</SampleMed><SampleStd>0</SampleStd><Sample95thPct>0</Sample95thPct><NumBins>30</NumBins><BinWidth>0</BinWidth><MinOutlierValue>0</MinOutlierValue><MinBinValue>0</MinBinValue><MaxBinValue>0</MaxBinValue><MaxOutlierValue>0</MaxOutlierValue><MetricDescription>Baseline Level Fiducial Zmws: Channel C</MetricDescription></BaselineLevelFiducialDist><BaselineLevelFiducialDist Channel="A"><SampleSize>0</SampleSize><SampleMean>0</SampleMean><SampleMed>0</SampleMed><SampleStd>0</SampleStd><Sample95thPct>0</Sample95thPct><NumBins>30</NumBins><BinWidth>0</BinWidth><MinOutlierValue>0</MinOutlierValue><MinBinValue>0</MinBinValue><MaxBinValue>0</MaxBinValue><MaxOutlierValue>0</MaxOutlierValue><MetricDescription>Baseline Level Fiducial Zmws: Channel A</MetricDescription></BaselineLevelFiducialDist><SpectralDiagRRDist Channel="T"><SampleSize>901</SampleSize><SampleMean>0</SampleMean><SampleMed>0</SampleMed><SampleStd>0</SampleStd><Sample95thPct>0</Sample95thPct><NumBins>30</NumBins><BinCount>0</BinCount><BinCount>901</BinCount><BinCount>0</BinCount><BinCount>0</BinCount><BinCount>0</BinCount><BinCount>0</BinCount><BinCount>0</BinCount><BinCount>0</BinCount><BinCount>0</BinCount><BinCount>0</BinCount><BinCount>0</BinCount><BinCount>0</BinCount><BinCount>0</BinCount><BinCount>0</BinCount><BinCount>0</BinCount><BinCount>0</BinCount><BinCount>0</BinCount><BinCount>0</BinCount><BinCount>0</BinCount><BinCount>0</BinCount><BinCount>0</BinCount><BinCount>0</BinCount><BinCount>0</BinCount><BinCount>0</BinCount><BinCount>0</BinCount><BinCount>0</BinCount><BinCount>0</BinCount><BinCount>0</BinCount><BinCount>0</BinCount><BinCount>0</BinCount><BinCount>0</BinCount><BinCount>0</BinCount><BinWidth>9.9999997473787516E-05</BinWidth><MinOutlierValue>0</MinOutlierValue><MinBinValue>0</MinBinValue><MaxBinValue>0.002899999963119626</MaxBinValue><MaxOutlierValue>0</MaxOutlierValue><MetricDescription>Spectral Diagnostic Ratio-of-Ratios: Channel T</MetricDescription></SpectralDiagRRDist><SpectralDiagRRDist Channel="G"><SampleSize>901</SampleSize><SampleMean>0</SampleMean><SampleMed>0</SampleMed><SampleStd>0</SampleStd><Sample95thPct>0</Sample95thPct><NumBins>30</NumBins><BinCount>0</BinCount><BinCount>901</BinCount><BinCount>0</BinCount><BinCount>0</BinCount><BinCount>0</BinCount><BinCount>0</BinCount><BinCount>0</BinCount><BinCount>0</BinCount><BinCount>0</BinCount><BinCount>0</BinCount><BinCount>0</BinCount><BinCount>0</BinCount><BinCount>0</BinCount><BinCount>0</BinCount><BinCount>0</BinCount><BinCount>0</BinCount><BinCount>0</BinCount><BinCount>0</BinCount><BinCount>0</BinCount><BinCount>0</BinCount><BinCount>0</BinCount><BinCount>0</BinCount><BinCount>0</BinCount><BinCount>0</BinCount><BinCount>0</BinCount><BinCount>0</BinCount><BinCount>0</BinCount><BinCount>0</BinCount><BinCount>0</BinCount><BinCount>0</BinCount><BinCount>0</BinCount><BinCount>0</BinCount><BinWidth>9.9999997473787516E-05</BinWidth><MinOutlierValue>0</MinOutlierValue><MinBinValue>0</MinBinValue><MaxBinValue>0.002899999963119626</MaxBinValue><MaxOutlierValue>0</MaxOutlierValue><MetricDescription>Spectral Diagnostic Ratio-of-Ratios: Channel G</MetricDescription></SpectralDiagRRDist><SpectralDiagRRDist Channel="C"><SampleSize>901</SampleSize><SampleMean>0</SampleMean><SampleMed>0</SampleMed><SampleStd>0</SampleStd><Sample95thPct>0</Sample95thPct><NumBins>30</NumBins><BinCount>0</BinCount><BinCount>901</BinCount><BinCount>0</BinCount><BinCount>0</BinCount><BinCount>0</BinCount><BinCount>0</BinCount><BinCount>0</BinCount><BinCount>0</BinCount><BinCount>0</BinCount><BinCount>0</BinCount><BinCount>0</BinCount><BinCount>0</BinCount><BinCount>0</BinCount><BinCount>0</BinCount><BinCount>0</BinCount><BinCount>0</BinCount><BinCount>0</BinCount><BinCount>0</BinCount><BinCount>0</BinCount><BinCount>0</BinCount><BinCount>0</BinCount><BinCount>0</BinCount><BinCount>0</BinCount><BinCount>0</BinCount><BinCount>0</BinCount><BinCount>0</BinCount><BinCount>0</BinCount><BinCount>0</BinCount><BinCount>0</BinCount><BinCount>0</BinCount><BinCount>0</BinCount><BinCount>0</BinCount><BinWidth>9.9999997473787516E-05</BinWidth><MinOutlierValue>0</MinOutlierValue><MinBinValue>0</MinBinValue><MaxBinValue>0.002899999963119626</MaxBinValue><MaxOutlierValue>0</MaxOutlierValue><MetricDescription>Spectral Diagnostic Ratio-of-Ratios: Channel C</MetricDescription></SpectralDiagRRDist><SpectralDiagRRDist Channel="A"><SampleSize>901</SampleSize><SampleMean>0</SampleMean><SampleMed>0</SampleMed><SampleStd>0</SampleStd><Sample95thPct>0</Sample95thPct><NumBins>30</NumBins><BinCount>0</BinCount><BinCount>901</BinCount><BinCount>0</BinCount><BinCount>0</BinCount><BinCount>0</BinCount><BinCount>0</BinCount><BinCount>0</BinCount><BinCount>0</BinCount><BinCount>0</BinCount><BinCount>0</BinCount><BinCount>0</BinCount><BinCount>0</BinCount><BinCount>0</BinCount><BinCount>0</BinCount><BinCount>0</BinCount><BinCount>0</BinCount><BinCount>0</BinCount><BinCount>0</BinCount><BinCount>0</BinCount><BinCount>0</BinCount><BinCount>0</BinCount><BinCount>0</BinCount><BinCount>0</BinCount><BinCount>0</BinCount><BinCount>0</BinCount><BinCount>0</BinCount><BinCount>0</BinCount><BinCount>0</BinCount><BinCount>0</BinCount><BinCount>0</BinCount><BinCount>0</BinCount><BinCount>0</BinCount><BinWidth>9.9999997473787516E-05</BinWidth><MinOutlierValue>0</MinOutlierValue><MinBinValue>0</MinBinValue><MaxBinValue>0.002899999963119626</MaxBinValue><MaxOutlierValue>0</MaxOutlierValue><MetricDescription>Spectral Diagnostic Ratio-of-Ratios: Channel A</MetricDescription></SpectralDiagRRDist><MaxPauseFractionVsT>0.010625895112752914</MaxPauseFractionVsT><TMaxPauseFraction>2180</TMaxPauseFraction><MaxSlopePauseFractionVsT>5.3202384151518345E-05</MaxSlopePauseFractionVsT><TMaxSlopePauseFraction>300</TMaxSlopePauseFraction><MaxBaseRateRatioVsT>NaN</MaxBaseRateRatioVsT><TMaxBaseRateRatio>-1</TMaxBaseRateRatio><MaxSlopeBaseRateRatioVsT>NaN</MaxSlopeBaseRateRatioVsT><TMaxSlopeBaseRateRatio>-1</TMaxSlopeBaseRateRatio><SgnMaxSlopeBaseRateRatio>0</SgnMaxSlopeBaseRateRatio><BaseRateChngStrtToEnd>0.0017926486861941093</BaseRateChngStrtToEnd><YieldCvOverRegions>0.21469822855930351</YieldCvOverRegions><YieldChngCntrToEdge>NaN</YieldChngCntrToEdge><SnrRatioEdgeToCntr_0>NaN</SnrRatioEdgeToCntr_0><SnrRatioEdgeToCntr_2>NaN</SnrRatioEdgeToCntr_2><PauseFractionVsT><TimeUnits>sec</TimeUnits><ValueUnits>none</ValueUnits><StartTime>0</StartTime><MeasInterval>20</MeasInterval><Val>0.00515698455</Val><Val>0.00864478</Val><Val>0.0103825135</Val><Val>0.010213377</Val><Val>0.0103305783</Val><Val>0.0100096865</Val><Val>0.007917303</Val><Val>0.007765784</Val><Val>0.007185599</Val><Val>0.006872768</Val><Val>0.006818965</Val><Val>0.00685205543</Val><Val>0.008182844</Val><Val>0.007730276</Val><Val>0.008206454</Val><Val>0.008981226</Val><Val>0.0103345495</Val><Val>0.007711665</Val><Val>0.009225546</Val><Val>0.00727253268</Val><Val>0.007907461</Val><Val>0.00764894253</Val><Val>0.00632065767</Val><Val>0.007634397</Val><Val>0.007880934</Val><Val>0.008056911</Val><Val>0.008184685</Val><Val>0.00789728</Val><Val>0.008643765</Val><Val>0.00866343547</Val><Val>0.00890249</Val><Val>0.008978993</Val><Val>0.008340214</Val><Val>0.00805347</Val><Val>0.008014881</Val><Val>0.00762420055</Val><Val>0.007621166</Val><Val>0.008295752</Val><Val>0.0084883</Val><Val>0.008194233</Val><Val>0.008230686</Val><Val>0.009050035</Val><Val>0.009396315</Val><Val>0.008153018</Val><Val>0.009197635</Val><Val>0.008184187</Val><Val>0.008936852</Val><Val>0.007833844</Val><Val>0.008545316</Val><Val>0.008750035</Val><Val>0.008471646</Val><Val>0.008994755</Val><Val>0.0101579148</Val><Val>0.009383732</Val><Val>0.009556031</Val><Val>0.0103151184</Val><Val>0.008782201</Val><Val>0.008115575</Val><Val>0.008308517</Val><Val>0.008824316</Val><Val>0.009835676</Val><Val>0.00941614</Val><Val>0.009838118</Val><Val>0.009046004</Val><Val>0.0100279069</Val><Val>0.00982801</Val><Val>0.00984336</Val><Val>0.009049089</Val><Val>0.0104093533</Val><Val>0.009311266</Val><Val>0.008593936</Val><Val>0.008677711</Val><Val>0.008747587</Val><Val>0.00921892747</Val><Val>0.009496183</Val><Val>0.00891265552</Val><Val>0.009080936</Val><Val>0.008889157</Val><Val>0.00942518748</Val><Val>0.009980602</Val><Val>0.009772905</Val><Val>0.009143807</Val><Val>0.0102299359</Val><Val>0.009776447</Val><Val>0.009000872</Val><Val>0.009650257</Val><Val>0.0103222076</Val><Val>0.0100582484</Val><Val>0.009539358</Val><Val>0.0094053885</Val><Val>0.009828727</Val><Val>0.009622147</Val><Val>0.009253923</Val><Val>0.0100009553</Val><Val>0.00982002</Val><Val>0.008818119</Val><Val>0.009175481</Val><Val>0.008600369</Val><Val>0.008150726</Val><Val>0.00866766553</Val><Val>0.008487108</Val><Val>0.00995690748</Val><Val>0.0101316785</Val><Val>0.008993506</Val><Val>0.0102317184</Val><Val>0.009125825</Val><Val>0.009417382</Val><Val>0.01001642</Val><Val>0.009575561</Val><Val>0.0106258951</Val><Val>0.008728138</Val><Val>0.00928614847</Val><Val>0.009446321</Val><Val>0.009049007</Val><Val>0.009417605</Val><Val>0.009585447</Val><Val>0.008703761</Val><Val>0.00909531</Val><Val>0.008966281</Val><Val>0.008720827</Val></PauseFractionVsT><BaseRateRatioVsT><TimeUnits>sec</TimeUnits><ValueUnits>none</ValueUnits><StartTime>0</StartTime><MeasInterval>20</MeasInterval></BaseRateRatioVsT></PipeStats>