<?xml version="1.0" ?>
<pbds:AlignmentSet CreatedAt="2015-08-05T10:25:18" MetaType="PacBio.DataSet.AlignmentSet" Name="" Tags="" TimeStampedName="PacBio.DataSet.AlignmentSet-150807_210959" UniqueId="e09f7fc7-a9a7-d142-e280-13680de85722" Version="3.0.0" xmlns="http://pacificbiosciences.com/PacBioDataModel.xsd" xmlns:pbbase="http://pacificbiosciences.com/PacBioBaseDataModel.xsd" xmlns:pbds="http://pacificbiosciences.com/PacBioDatasets.xsd" xmlns:xsi="http://www.w3.org/2001/XMLSchema-instance" xsi:schemaLocation="http://pacificbiosciences.com/PacBioDataModel.xsd">
	<pbbase:ExternalResources>
		<pbbase:ExternalResource MetaType="PacBio.SubreadFile.SubreadBamFile" ResourceId="pbalchemysim0.pbalign.bam" TimeStampedName="PacBio.SubreadFile.SubreadBamFile-150805_172518" UniqueId="6699f7d3-8def-0af8-fd4d-19238d2352b2">
			<pbbase:FileIndices>
				<pbbase:FileIndex MetaType="PacBio.Index.PacBioIndex" ResourceId="pbalchemysim0.pbalign.bam.pbi" TimeStampedName="PacBio.Index.PacBioIndex-150805_172518" UniqueId="370dc654-d2a5-e575-92cc-6f9c75a403f4"/>
				<pbbase:FileIndex MetaType="PacBio.Index.BamIndex" ResourceId="pbalchemysim0.pbalign.bam.bai" TimeStampedName="PacBio.Index.BamIndex-150805_172518" UniqueId="370dc654-d2a5-e575-92cc-6f9c75a403f4"/>
			</pbbase:FileIndices>
		</pbbase:ExternalResource>
	</pbbase:ExternalResources>
	<pbds:DataSetMetadata>
		<pbds:TotalLength>52023</pbds:TotalLength>
		<pbds:NumRecords>40</pbds:NumRecords>
	</pbds:DataSetMetadata>
	<Filters>
		<pbds:Filter>
			<pbbase:Properties>
				<pbbase:Property Name="rname" Operator="=" Value="C.beijerinckii.9"/>
			</pbbase:Properties>
		</pbds:Filter>
		<pbds:Filter>
			<pbbase:Properties>
				<pbbase:Property Name="rname" Operator="=" Value="R.sphaeroides.1"/>
			</pbbase:Properties>
		</pbds:Filter>
		<pbds:Filter>
			<pbbase:Properties>
				<pbbase:Property Name="rname" Operator="=" Value="S.epidermidis.3"/>
			</pbbase:Properties>
		</pbds:Filter>
		<pbds:Filter>
			<pbbase:Properties>
				<pbbase:Property Name="rname" Operator="=" Value="S.epidermidis.4"/>
			</pbbase:Properties>
		</pbds:Filter>
		<pbds:Filter>
			<pbbase:Properties>
				<pbbase:Property Name="rname" Operator="=" Value="B.vulgatus.4"/>
			</pbbase:Properties>
		</pbds:Filter>
		<pbds:Filter>
			<pbbase:Properties>
				<pbbase:Property Name="rname" Operator="=" Value="C.beijerinckii.14"/>
			</pbbase:Properties>
		</pbds:Filter>
	</Filters>
</pbds:AlignmentSet>
