<?xml version="1.0" ?>
<pbds:SubreadSet CreatedAt="2015-08-06T17:07:36" MetaType="PacBio.DataSet.SubreadSet" Name="" Tags="" TimeStampedName="PacBio.DataSet.SubreadSet-150807_000736" UniqueId="dd7edc7d-0c24-0823-f918-394d4cbd0f9d" Version="3.0.0" xmlns="http://pacificbiosciences.com/PacBioDataModel.xsd" xmlns:pbbase="http://pacificbiosciences.com/PacBioBaseDataModel.xsd" xmlns:pbds="http://pacificbiosciences.com/PacBioDatasets.xsd" xmlns:xsi="http://www.w3.org/2001/XMLSchema-instance" xsi:schemaLocation="http://pacificbiosciences.com/PacBioDataModel.xsd">
	<pbbase:ExternalResources>
		<pbbase:ExternalResource MetaType="PacBio.SubreadFile.SubreadBamFile" ResourceId="pbalchemysim0.subreads.bam" TimeStampedName="PacBio.SubreadFile.SubreadBamFile-150807_000736" UniqueId="c55c8ed2-4821-4c48-9395-94625363fe6d"/>
	</pbbase:ExternalResources>
	<pbds:DataSetMetadata>
		<pbds:TotalLength>-1</pbds:TotalLength>
		<pbds:NumRecords>-1</pbds:NumRecords>
	</pbds:DataSetMetadata>
</pbds:SubreadSet>
