<?xml version="1.0" encoding="utf-8"?>
<pbds:SubreadSet 
    xmlns="http://pacificbiosciences.com/PacBioDatasets.xsd" 
    xmlns:xsi="http://www.w3.org/2001/XMLSchema-instance" 
    xmlns:pbbase="http://pacificbiosciences.com/PacBioBaseDataModel.xsd"
    xmlns:pbsample="http://pacificbiosciences.com/PacBioSampleInfo.xsd"
    xmlns:pbmeta="http://pacificbiosciences.com/PacBioCollectionMetadata.xsd"
    xmlns:pbds="http://pacificbiosciences.com/PacBioDatasets.xsd"
    xsi:schemaLocation="http://pacificbiosciences.com/PacBioDataModel.xsd" 
    UniqueId="b095d0a3-94b8-4918-b3af-a3f81bbe519c" 
    TimeStampedName="subreadset_150304_231155" 
    MetaType="PacBio.DataSet.SubreadSet" 
    Name="DataSet_SubreadSet" 
    Tags="barcode moreTags mapping mytags" 
    Version="3.0.0" 
    CreatedAt="2015-01-27T09:00:01"> 
<pbbase:ExternalResources>
    <pbbase:ExternalResource 
        UniqueId="b095d0a3-94b8-4918-b3af-a3f81bbe5193" 
        TimeStampedName="subread_bam_150304_231155" 
        MetaType="PacBio.SubreadFile.SubreadBamFile" 
        ResourceId="file:///mnt/path/to/subreads0.bam" 
        Name="First Subreads BAM" 
        Description="Points to an example Subreads BAM file." 
        Tags="Example">
        <pbbase:FileIndices>
            <pbbase:FileIndex 
                UniqueId="b095d0a3-94b8-4918-b3af-a3f81bbe5194" 
                TimeStampedName="bam_index_150304_231155" 
                MetaType="PacBio.Index.PacBioIndex" 
                ResourceId="file:///mnt/path/to/subreads0.pbi"/>
        </pbbase:FileIndices>
        <pbbase:ExternalResources>
            <pbbase:ExternalResource 
                UniqueId="b096d0a3-94b8-4918-b3af-a3f81bbe5195" 
                TimeStampedName="scraps_bam_150304_231155" 
                MetaType="PacBio.SubreadFile.ScrapsBamFile" 
                ResourceId="file:///mnt/path/to/scraps0.bam" 
                Tags="Example"
                Name="First scraps BAM" 
                Description="Points to an example scraps BAM file.">
                <pbbase:FileIndices>
                    <pbbase:FileIndex 
                        UniqueId="b096d0a3-94b8-4918-b3af-a3f81bbe5196" 
                        TimeStampedName="bam_index_150304_231155" 
                        MetaType="PacBio.Index.PacBioIndex" 
                        ResourceId="file:///mnt/path/to/scraps0.pbi"/>
                 </pbbase:FileIndices>
            </pbbase:ExternalResource>
        </pbbase:ExternalResources>
    </pbbase:ExternalResource>
    <pbbase:ExternalResource 
        UniqueId="b095d0a3-94b8-4918-b3af-a3f81bbe5197" 
        TimeStampedName="subread_bam_150304_231155" 
        MetaType="PacBio.SubreadFile.SubreadBamFile" 
        ResourceId="file:///mnt/path/to/subreads1.bam" 
        Name="Second Subreads BAM" 
        Description="Points to another example Subreads BAM file." 
        Tags="Example">
        <pbbase:FileIndices>
            <pbbase:FileIndex 
                UniqueId="b096d0a3-94b8-4918-b3af-a3f81bbe5198" 
                TimeStampedName="bam_index_150304_231155" 
                MetaType="PacBio.Index.PacBioIndex" 
                ResourceId="file:///mnt/path/to/subreads0.pbi"/>
        </pbbase:FileIndices>
        <pbbase:ExternalResources>
            <pbbase:ExternalResource 
                UniqueId="b095d0a3-94b8-4918-b3af-a3f81bbe5199" 
                TimeStampedName="scraps_bam_150304_231155" 
                MetaType="PacBio.SubreadFile.ScrapsBamFile" 
                ResourceId="file:///mnt/path/to/scraps1.bam" 
                Name="Second scraps BAM" Description="Points to another example scraps BAM file." 
                Tags="Example">
                <pbbase:FileIndices>
                    <pbbase:FileIndex 
                        UniqueId="b095d0a3-94b8-4918-b3af-a3f81bbe5190" 
                        TimeStampedName="bam_index_150304_231155" 
                        MetaType="PacBio.Index.PacBioIndex" 
                        ResourceId="file:///mnt/path/to/scraps1.pbi"/>
                 </pbbase:FileIndices>
            </pbbase:ExternalResource>
        </pbbase:ExternalResources>
    </pbbase:ExternalResource>
</pbbase:ExternalResources>
<pbds:Filters>
    <pbds:Filter>
        <pbbase:Properties>
            <pbbase:Property Name="rq" Value="0.75" Operator="&gt;"/>
        </pbbase:Properties>
    </pbds:Filter>
    <pbds:Filter>
        <pbbase:Properties>
            <pbbase:Property Name="QNAME" Value="100/0/0_100" Operator="=="/>
        </pbbase:Properties>
    </pbds:Filter>
</pbds:Filters>
<pbds:DataSetMetadata>
    <pbds:TotalLength>500000</pbds:TotalLength>
    <pbds:NumRecords>500</pbds:NumRecords>
    <pbds:Provenance CreatedBy="AnalysisJob">
      <pbds:ParentDataSet
        UniqueId="f81cf391-b3da-41f8-84cb-a0de71f460f4"
        TimeStampedName="subreadset_150304_231154"
        MetaType="PacBio.DataSet.SubreadSet"/>
    </pbds:Provenance>
    <pbsample:BioSamples>
        <pbsample:BioSample Name="consectetur purus">
            <pbsample:DNABarcodes>
                <pbsample:DNABarcode Name="F1--R1"/>
            </pbsample:DNABarcodes>
        </pbsample:BioSample>
    </pbsample:BioSamples>
    <pbmeta:Collections>
        <pbmeta:CollectionMetadata 
            UniqueId="b095d0a3-94b8-4918-b3af-a3f81bbe5393" 
            TimeStampedName="collection_150304_231155"  
            MetaType="PacBio.CollectionMetadata" 
            Context="m152720_092723_00114_c100480560100000001823075906281381_s1_p0" 
            InstrumentName="RS" 
            InstrumentId="43210">
            <pbmeta:InstCtrlVer>2.3.0.0.140640</pbmeta:InstCtrlVer>
            <pbmeta:SigProcVer>NRT@172.31.128.10:8082, SwVer=2300.140640, HwVer=1.0</pbmeta:SigProcVer>
            <pbmeta:RunDetails>
                <pbmeta:RunId>e903682f-e502-465c-a2b6-9dd77c9f43fc</pbmeta:RunId>
                <pbmeta:Name>beta4_130726_biotin_DEV_vs_MFG_PB11K_9458p</pbmeta:Name>
            </pbmeta:RunDetails>
            <pbmeta:WellSample Name="Well Sample 1">
                <pbmeta:PlateId>2014-12-24_141_NGAT_Igor_bisPNA Enrichment_Mag Bead Elution Buffers</pbmeta:PlateId>
                <pbmeta:WellName>B01</pbmeta:WellName>
                <pbmeta:Concentration>10</pbmeta:Concentration>
                <pbmeta:SampleReuseEnabled>true</pbmeta:SampleReuseEnabled>
                <pbmeta:StageHotstartEnabled>true</pbmeta:StageHotstartEnabled>
                <pbmeta:SizeSelectionEnabled>true</pbmeta:SizeSelectionEnabled>
                <pbmeta:UseCount>0</pbmeta:UseCount>
            </pbmeta:WellSample>
            <pbmeta:Automation>
                <pbbase:AutomationParameters>
                    <pbbase:AutomationParameter/>
                </pbbase:AutomationParameters>
            </pbmeta:Automation>
            <pbmeta:CollectionNumber>0</pbmeta:CollectionNumber>
            <pbmeta:CellIndex>0</pbmeta:CellIndex>
            <pbmeta:CellPac Barcode="100480560100000001823075906281381"/>
            <pbmeta:Primary>
                <pbmeta:AutomationName>BasecallerV1</pbmeta:AutomationName>
                <pbmeta:ConfigFileName>1-3-0_Standard_C2.xml</pbmeta:ConfigFileName>
                <pbmeta:SequencingCondition/>
                <pbmeta:OutputOptions>
                    <pbmeta:ResultsFolder>Analysis_Results</pbmeta:ResultsFolder>
                    <pbmeta:CollectionPathUri>rsy://mp-rsync/vol56//RS_DATA_STAGING//2014-12-24_141_NGAT_Igor_bisPNA%20Enrichment_Mag%20Bead%20Elution%20Buffers_1094/B01_1</pbmeta:CollectionPathUri>
                    <pbmeta:CopyFiles>
                        <pbmeta:CollectionFileCopy>Bam</pbmeta:CollectionFileCopy>
                    </pbmeta:CopyFiles>
                    <pbmeta:Readout>Bases</pbmeta:Readout>
                    <pbmeta:MetricsVerbosity>Minimal</pbmeta:MetricsVerbosity>
                </pbmeta:OutputOptions>
            </pbmeta:Primary>
        </pbmeta:CollectionMetadata>
    </pbmeta:Collections>
    <pbds:SummaryStats>
        <pbds:AdapterDimerFraction>0.1</pbds:AdapterDimerFraction>
        <pbds:ShortInsertFraction>0.1</pbds:ShortInsertFraction>
        <pbds:NumSequencingZmws>0</pbds:NumSequencingZmws>
        <pbds:ProdDist>
            <pbbase:NumBins>4</pbbase:NumBins>
            <pbbase:BinCounts>
                <pbbase:BinCount>1576</pbbase:BinCount>
                <pbbase:BinCount>901</pbbase:BinCount>
                <pbbase:BinCount>399</pbbase:BinCount>
                <pbbase:BinCount>0</pbbase:BinCount>
            </pbbase:BinCounts>
            <pbbase:MetricDescription>Productivity</pbbase:MetricDescription>
            <pbbase:BinLabels>
                <pbbase:BinLabel>Empty</pbbase:BinLabel>
                <pbbase:BinLabel>Productive</pbbase:BinLabel>
                <pbbase:BinLabel>Other</pbbase:BinLabel>
                <pbbase:BinLabel>NotDefined</pbbase:BinLabel>
            </pbbase:BinLabels>
        </pbds:ProdDist>
        <pbds:ReadTypeDist>
            <pbbase:NumBins>9</pbbase:NumBins>
            <pbbase:BinCounts>
                <pbbase:BinCount>1474</pbbase:BinCount>
                <pbbase:BinCount>799</pbbase:BinCount>
                <pbbase:BinCount>4</pbbase:BinCount>
                <pbbase:BinCount>181</pbbase:BinCount>
                <pbbase:BinCount>92</pbbase:BinCount>
                <pbbase:BinCount>0</pbbase:BinCount>
                <pbbase:BinCount>0</pbbase:BinCount>
                <pbbase:BinCount>326</pbbase:BinCount>
                <pbbase:BinCount>0</pbbase:BinCount>
            </pbbase:BinCounts>
            <pbbase:MetricDescription>Read Type</pbbase:MetricDescription>
            <pbbase:BinLabels>
                <pbbase:BinLabel>Empty</pbbase:BinLabel>
                <pbbase:BinLabel>FullHqRead0</pbbase:BinLabel>
                <pbbase:BinLabel>FullHqRead1</pbbase:BinLabel>
                <pbbase:BinLabel>PartialHqRead0</pbbase:BinLabel>
                <pbbase:BinLabel>PartialHqRead1</pbbase:BinLabel>
                <pbbase:BinLabel>PartialHqRead2</pbbase:BinLabel>
                <pbbase:BinLabel>Multiload</pbbase:BinLabel>
                <pbbase:BinLabel>Indeterminate</pbbase:BinLabel>
                <pbbase:BinLabel>NotDefined</pbbase:BinLabel>
            </pbbase:BinLabels>
        </pbds:ReadTypeDist>
        <pbds:ReadLenDist>
            <pbbase:SampleSize>901</pbbase:SampleSize>
            <pbbase:SampleMean>4528.69384765625</pbbase:SampleMean>
            <pbbase:SampleMed>5227</pbbase:SampleMed>
            <pbbase:SampleStd>2322.8055598026981</pbbase:SampleStd>
            <pbbase:Sample95thPct>7367</pbbase:Sample95thPct>
            <pbbase:NumBins>30</pbbase:NumBins>
            <pbbase:BinCounts>
                <pbbase:BinCount>0</pbbase:BinCount>
                <pbbase:BinCount>62</pbbase:BinCount>
                <pbbase:BinCount>39</pbbase:BinCount>
                <pbbase:BinCount>36</pbbase:BinCount>
                <pbbase:BinCount>29</pbbase:BinCount>
                <pbbase:BinCount>37</pbbase:BinCount>
                <pbbase:BinCount>19</pbbase:BinCount>
                <pbbase:BinCount>29</pbbase:BinCount>
                <pbbase:BinCount>37</pbbase:BinCount>
                <pbbase:BinCount>32</pbbase:BinCount>
                <pbbase:BinCount>32</pbbase:BinCount>
                <pbbase:BinCount>40</pbbase:BinCount>
                <pbbase:BinCount>45</pbbase:BinCount>
                <pbbase:BinCount>54</pbbase:BinCount>
                <pbbase:BinCount>73</pbbase:BinCount>
                <pbbase:BinCount>77</pbbase:BinCount>
                <pbbase:BinCount>97</pbbase:BinCount>
                <pbbase:BinCount>95</pbbase:BinCount>
                <pbbase:BinCount>49</pbbase:BinCount>
                <pbbase:BinCount>17</pbbase:BinCount>
                <pbbase:BinCount>2</pbbase:BinCount>
                <pbbase:BinCount>0</pbbase:BinCount>
                <pbbase:BinCount>0</pbbase:BinCount>
                <pbbase:BinCount>0</pbbase:BinCount>
                <pbbase:BinCount>0</pbbase:BinCount>
                <pbbase:BinCount>0</pbbase:BinCount>
                <pbbase:BinCount>0</pbbase:BinCount>
                <pbbase:BinCount>0</pbbase:BinCount>
                <pbbase:BinCount>0</pbbase:BinCount>
                <pbbase:BinCount>0</pbbase:BinCount>
                <pbbase:BinCount>0</pbbase:BinCount>
                <pbbase:BinCount>0</pbbase:BinCount>
            </pbbase:BinCounts>
            <pbbase:BinWidth>418.89999389648438</pbbase:BinWidth>
            <pbbase:MinOutlierValue>77</pbbase:MinOutlierValue>
            <pbbase:MinBinValue>77</pbbase:MinBinValue>
            <pbbase:MaxBinValue>12225.1025390625</pbbase:MaxBinValue>
            <pbbase:MaxOutlierValue>12644</pbbase:MaxOutlierValue>
            <pbbase:MetricDescription>Polymerase Read Length</pbbase:MetricDescription>
        </pbds:ReadLenDist>
        <pbds:ReadQualDist>
            <pbbase:SampleSize>901</pbbase:SampleSize>
            <pbbase:SampleMean>0.82736450433731079</pbbase:SampleMean>
            <pbbase:SampleMed>0.83167940378189087</pbbase:SampleMed>
            <pbbase:SampleStd>0.029663275550147809</pbbase:SampleStd>
            <pbbase:Sample95thPct>0.86801999807357788</pbbase:Sample95thPct>
            <pbbase:NumBins>30</pbbase:NumBins>
            <pbbase:BinCounts>
                <pbbase:BinCount>0</pbbase:BinCount>
                <pbbase:BinCount>12</pbbase:BinCount>
                <pbbase:BinCount>8</pbbase:BinCount>
                <pbbase:BinCount>11</pbbase:BinCount>
                <pbbase:BinCount>10</pbbase:BinCount>
                <pbbase:BinCount>17</pbbase:BinCount>
                <pbbase:BinCount>11</pbbase:BinCount>
                <pbbase:BinCount>20</pbbase:BinCount>
                <pbbase:BinCount>24</pbbase:BinCount>
                <pbbase:BinCount>24</pbbase:BinCount>
                <pbbase:BinCount>34</pbbase:BinCount>
                <pbbase:BinCount>25</pbbase:BinCount>
                <pbbase:BinCount>38</pbbase:BinCount>
                <pbbase:BinCount>52</pbbase:BinCount>
                <pbbase:BinCount>33</pbbase:BinCount>
                <pbbase:BinCount>45</pbbase:BinCount>
                <pbbase:BinCount>48</pbbase:BinCount>
                <pbbase:BinCount>57</pbbase:BinCount>
                <pbbase:BinCount>47</pbbase:BinCount>
                <pbbase:BinCount>69</pbbase:BinCount>
                <pbbase:BinCount>65</pbbase:BinCount>
                <pbbase:BinCount>55</pbbase:BinCount>
                <pbbase:BinCount>51</pbbase:BinCount>
                <pbbase:BinCount>57</pbbase:BinCount>
                <pbbase:BinCount>42</pbbase:BinCount>
                <pbbase:BinCount>29</pbbase:BinCount>
                <pbbase:BinCount>12</pbbase:BinCount>
                <pbbase:BinCount>3</pbbase:BinCount>
                <pbbase:BinCount>0</pbbase:BinCount>
                <pbbase:BinCount>1</pbbase:BinCount>
                <pbbase:BinCount>0</pbbase:BinCount>
                <pbbase:BinCount>1</pbbase:BinCount>
            </pbbase:BinCounts>
            <pbbase:BinWidth>0.0049052196554839611</pbbase:BinWidth>
            <pbbase:MinOutlierValue>0.7500004768371582</pbbase:MinOutlierValue>
            <pbbase:MinBinValue>0.7500004768371582</pbbase:MinBinValue>
            <pbbase:MaxBinValue>0.89225196838378906</pbbase:MaxBinValue>
            <pbbase:MaxOutlierValue>0.89715707302093506</pbbase:MaxOutlierValue>
            <pbbase:MetricDescription>Polymerase Read Quality</pbbase:MetricDescription>
        </pbds:ReadQualDist>
        <pbds:ControlReadLenDist>
            <pbbase:SampleSize>901</pbbase:SampleSize>
            <pbbase:SampleMean>4528.69384765625</pbbase:SampleMean>
            <pbbase:SampleMed>5227</pbbase:SampleMed>
            <pbbase:SampleStd>2322.8055598026981</pbbase:SampleStd>
            <pbbase:Sample95thPct>7367</pbbase:Sample95thPct>
            <pbbase:NumBins>30</pbbase:NumBins>
            <pbbase:BinCounts>
                <pbbase:BinCount>0</pbbase:BinCount>
                <pbbase:BinCount>62</pbbase:BinCount>
                <pbbase:BinCount>39</pbbase:BinCount>
                <pbbase:BinCount>36</pbbase:BinCount>
                <pbbase:BinCount>29</pbbase:BinCount>
                <pbbase:BinCount>37</pbbase:BinCount>
                <pbbase:BinCount>19</pbbase:BinCount>
                <pbbase:BinCount>29</pbbase:BinCount>
                <pbbase:BinCount>37</pbbase:BinCount>
                <pbbase:BinCount>32</pbbase:BinCount>
                <pbbase:BinCount>32</pbbase:BinCount>
                <pbbase:BinCount>40</pbbase:BinCount>
                <pbbase:BinCount>45</pbbase:BinCount>
                <pbbase:BinCount>54</pbbase:BinCount>
                <pbbase:BinCount>73</pbbase:BinCount>
                <pbbase:BinCount>77</pbbase:BinCount>
                <pbbase:BinCount>97</pbbase:BinCount>
                <pbbase:BinCount>95</pbbase:BinCount>
                <pbbase:BinCount>49</pbbase:BinCount>
                <pbbase:BinCount>17</pbbase:BinCount>
                <pbbase:BinCount>2</pbbase:BinCount>
                <pbbase:BinCount>0</pbbase:BinCount>
                <pbbase:BinCount>0</pbbase:BinCount>
                <pbbase:BinCount>0</pbbase:BinCount>
                <pbbase:BinCount>0</pbbase:BinCount>
                <pbbase:BinCount>0</pbbase:BinCount>
                <pbbase:BinCount>0</pbbase:BinCount>
                <pbbase:BinCount>0</pbbase:BinCount>
                <pbbase:BinCount>0</pbbase:BinCount>
                <pbbase:BinCount>0</pbbase:BinCount>
                <pbbase:BinCount>0</pbbase:BinCount>
                <pbbase:BinCount>0</pbbase:BinCount>
            </pbbase:BinCounts>
            <pbbase:BinWidth>418.89999389648438</pbbase:BinWidth>
            <pbbase:MinOutlierValue>77</pbbase:MinOutlierValue>
            <pbbase:MinBinValue>77</pbbase:MinBinValue>
            <pbbase:MaxBinValue>12225.1025390625</pbbase:MaxBinValue>
            <pbbase:MaxOutlierValue>12644</pbbase:MaxOutlierValue>
            <pbbase:MetricDescription>Polymerase Read Length</pbbase:MetricDescription>
        </pbds:ControlReadLenDist>
        <pbds:ControlReadQualDist>
            <pbbase:SampleSize>901</pbbase:SampleSize>
            <pbbase:SampleMean>0.82736450433731079</pbbase:SampleMean>
            <pbbase:SampleMed>0.83167940378189087</pbbase:SampleMed>
            <pbbase:SampleStd>0.029663275550147809</pbbase:SampleStd>
            <pbbase:Sample95thPct>0.86801999807357788</pbbase:Sample95thPct>
            <pbbase:NumBins>30</pbbase:NumBins>
            <pbbase:BinCounts>
                <pbbase:BinCount>0</pbbase:BinCount>
                <pbbase:BinCount>12</pbbase:BinCount>
                <pbbase:BinCount>8</pbbase:BinCount>
                <pbbase:BinCount>11</pbbase:BinCount>
                <pbbase:BinCount>10</pbbase:BinCount>
                <pbbase:BinCount>17</pbbase:BinCount>
                <pbbase:BinCount>11</pbbase:BinCount>
                <pbbase:BinCount>20</pbbase:BinCount>
                <pbbase:BinCount>24</pbbase:BinCount>
                <pbbase:BinCount>24</pbbase:BinCount>
                <pbbase:BinCount>34</pbbase:BinCount>
                <pbbase:BinCount>25</pbbase:BinCount>
                <pbbase:BinCount>38</pbbase:BinCount>
                <pbbase:BinCount>52</pbbase:BinCount>
                <pbbase:BinCount>33</pbbase:BinCount>
                <pbbase:BinCount>45</pbbase:BinCount>
                <pbbase:BinCount>48</pbbase:BinCount>
                <pbbase:BinCount>57</pbbase:BinCount>
                <pbbase:BinCount>47</pbbase:BinCount>
                <pbbase:BinCount>69</pbbase:BinCount>
                <pbbase:BinCount>65</pbbase:BinCount>
                <pbbase:BinCount>55</pbbase:BinCount>
                <pbbase:BinCount>51</pbbase:BinCount>
                <pbbase:BinCount>57</pbbase:BinCount>
                <pbbase:BinCount>42</pbbase:BinCount>
                <pbbase:BinCount>29</pbbase:BinCount>
                <pbbase:BinCount>12</pbbase:BinCount>
                <pbbase:BinCount>3</pbbase:BinCount>
                <pbbase:BinCount>0</pbbase:BinCount>
                <pbbase:BinCount>1</pbbase:BinCount>
                <pbbase:BinCount>0</pbbase:BinCount>
                <pbbase:BinCount>1</pbbase:BinCount>
            </pbbase:BinCounts>
            <pbbase:BinWidth>0.0049052196554839611</pbbase:BinWidth>
            <pbbase:MinOutlierValue>0.7500004768371582</pbbase:MinOutlierValue>
            <pbbase:MinBinValue>0.7500004768371582</pbbase:MinBinValue>
            <pbbase:MaxBinValue>0.89225196838378906</pbbase:MaxBinValue>
            <pbbase:MaxOutlierValue>0.89715707302093506</pbbase:MaxOutlierValue>
            <pbbase:MetricDescription>Polymerase Read Quality</pbbase:MetricDescription>
        </pbds:ControlReadQualDist>
        <pbds:MedianInsertDist>
            <pbbase:SampleSize>973</pbbase:SampleSize>
            <pbbase:SampleMean>513.21990966796875</pbbase:SampleMean>
            <pbbase:SampleMed>350</pbbase:SampleMed>
            <pbbase:SampleStd>575.83020626506971</pbbase:SampleStd>
            <pbbase:Sample95thPct>1322</pbbase:Sample95thPct>
            <pbbase:NumBins>30</pbbase:NumBins>
            <pbbase:BinCounts>
                <pbbase:BinCount>0</pbbase:BinCount>
                <pbbase:BinCount>714</pbbase:BinCount>
                <pbbase:BinCount>101</pbbase:BinCount>
                <pbbase:BinCount>32</pbbase:BinCount>
                <pbbase:BinCount>18</pbbase:BinCount>
                <pbbase:BinCount>13</pbbase:BinCount>
                <pbbase:BinCount>8</pbbase:BinCount>
                <pbbase:BinCount>5</pbbase:BinCount>
                <pbbase:BinCount>6</pbbase:BinCount>
                <pbbase:BinCount>7</pbbase:BinCount>
                <pbbase:BinCount>10</pbbase:BinCount>
                <pbbase:BinCount>10</pbbase:BinCount>
                <pbbase:BinCount>1</pbbase:BinCount>
                <pbbase:BinCount>2</pbbase:BinCount>
                <pbbase:BinCount>0</pbbase:BinCount>
                <pbbase:BinCount>4</pbbase:BinCount>
                <pbbase:BinCount>6</pbbase:BinCount>
                <pbbase:BinCount>3</pbbase:BinCount>
                <pbbase:BinCount>1</pbbase:BinCount>
                <pbbase:BinCount>7</pbbase:BinCount>
                <pbbase:BinCount>1</pbbase:BinCount>
                <pbbase:BinCount>3</pbbase:BinCount>
                <pbbase:BinCount>4</pbbase:BinCount>
                <pbbase:BinCount>1</pbbase:BinCount>
                <pbbase:BinCount>0</pbbase:BinCount>
                <pbbase:BinCount>3</pbbase:BinCount>
                <pbbase:BinCount>0</pbbase:BinCount>
                <pbbase:BinCount>1</pbbase:BinCount>
                <pbbase:BinCount>0</pbbase:BinCount>
                <pbbase:BinCount>2</pbbase:BinCount>
                <pbbase:BinCount>1</pbbase:BinCount>
                <pbbase:BinCount>9</pbbase:BinCount>
            </pbbase:BinCounts>
            <pbbase:BinWidth>93.333335876464844</pbbase:BinWidth>
            <pbbase:MinOutlierValue>289</pbbase:MinOutlierValue>
            <pbbase:MinBinValue>289</pbbase:MinBinValue>
            <pbbase:MaxBinValue>2995.666259765625</pbbase:MaxBinValue>
            <pbbase:MaxOutlierValue>6278</pbbase:MaxOutlierValue>
            <pbbase:MetricDescription>Median Insert</pbbase:MetricDescription>
        </pbds:MedianInsertDist>
        <pbds:InsertReadLenDist>
            <pbbase:SampleSize>901</pbbase:SampleSize>
            <pbbase:SampleMean>4528.69384765625</pbbase:SampleMean>
            <pbbase:SampleMed>5227</pbbase:SampleMed>
            <pbbase:SampleStd>2322.8055598026981</pbbase:SampleStd>
            <pbbase:Sample95thPct>7367</pbbase:Sample95thPct>
            <pbbase:NumBins>30</pbbase:NumBins>
            <pbbase:BinCounts>
                <pbbase:BinCount>0</pbbase:BinCount>
                <pbbase:BinCount>62</pbbase:BinCount>
                <pbbase:BinCount>39</pbbase:BinCount>
                <pbbase:BinCount>36</pbbase:BinCount>
                <pbbase:BinCount>29</pbbase:BinCount>
                <pbbase:BinCount>37</pbbase:BinCount>
                <pbbase:BinCount>19</pbbase:BinCount>
                <pbbase:BinCount>29</pbbase:BinCount>
                <pbbase:BinCount>37</pbbase:BinCount>
                <pbbase:BinCount>32</pbbase:BinCount>
                <pbbase:BinCount>32</pbbase:BinCount>
                <pbbase:BinCount>40</pbbase:BinCount>
                <pbbase:BinCount>45</pbbase:BinCount>
                <pbbase:BinCount>54</pbbase:BinCount>
                <pbbase:BinCount>73</pbbase:BinCount>
                <pbbase:BinCount>77</pbbase:BinCount>
                <pbbase:BinCount>97</pbbase:BinCount>
                <pbbase:BinCount>95</pbbase:BinCount>
                <pbbase:BinCount>49</pbbase:BinCount>
                <pbbase:BinCount>17</pbbase:BinCount>
                <pbbase:BinCount>2</pbbase:BinCount>
                <pbbase:BinCount>0</pbbase:BinCount>
                <pbbase:BinCount>0</pbbase:BinCount>
                <pbbase:BinCount>0</pbbase:BinCount>
                <pbbase:BinCount>0</pbbase:BinCount>
                <pbbase:BinCount>0</pbbase:BinCount>
                <pbbase:BinCount>0</pbbase:BinCount>
                <pbbase:BinCount>0</pbbase:BinCount>
                <pbbase:BinCount>0</pbbase:BinCount>
                <pbbase:BinCount>0</pbbase:BinCount>
                <pbbase:BinCount>0</pbbase:BinCount>
                <pbbase:BinCount>0</pbbase:BinCount>
            </pbbase:BinCounts>
            <pbbase:BinWidth>418.89999389648438</pbbase:BinWidth>
            <pbbase:MinOutlierValue>77</pbbase:MinOutlierValue>
            <pbbase:MinBinValue>77</pbbase:MinBinValue>
            <pbbase:MaxBinValue>12225.1025390625</pbbase:MaxBinValue>
            <pbbase:MaxOutlierValue>12644</pbbase:MaxOutlierValue>
            <pbbase:MetricDescription>Polymerase Read Length</pbbase:MetricDescription>
        </pbds:InsertReadLenDist>
        <pbds:InsertReadQualDist>
            <pbbase:SampleSize>901</pbbase:SampleSize>
            <pbbase:SampleMean>0.82736450433731079</pbbase:SampleMean>
            <pbbase:SampleMed>0.83167940378189087</pbbase:SampleMed>
            <pbbase:SampleStd>0.029663275550147809</pbbase:SampleStd>
            <pbbase:Sample95thPct>0.86801999807357788</pbbase:Sample95thPct>
            <pbbase:NumBins>30</pbbase:NumBins>
            <pbbase:BinCounts>
                <pbbase:BinCount>0</pbbase:BinCount>
                <pbbase:BinCount>12</pbbase:BinCount>
                <pbbase:BinCount>8</pbbase:BinCount>
                <pbbase:BinCount>11</pbbase:BinCount>
                <pbbase:BinCount>10</pbbase:BinCount>
                <pbbase:BinCount>17</pbbase:BinCount>
                <pbbase:BinCount>11</pbbase:BinCount>
                <pbbase:BinCount>20</pbbase:BinCount>
                <pbbase:BinCount>24</pbbase:BinCount>
                <pbbase:BinCount>24</pbbase:BinCount>
                <pbbase:BinCount>34</pbbase:BinCount>
                <pbbase:BinCount>25</pbbase:BinCount>
                <pbbase:BinCount>38</pbbase:BinCount>
                <pbbase:BinCount>52</pbbase:BinCount>
                <pbbase:BinCount>33</pbbase:BinCount>
                <pbbase:BinCount>45</pbbase:BinCount>
                <pbbase:BinCount>48</pbbase:BinCount>
                <pbbase:BinCount>57</pbbase:BinCount>
                <pbbase:BinCount>47</pbbase:BinCount>
                <pbbase:BinCount>69</pbbase:BinCount>
                <pbbase:BinCount>65</pbbase:BinCount>
                <pbbase:BinCount>55</pbbase:BinCount>
                <pbbase:BinCount>51</pbbase:BinCount>
                <pbbase:BinCount>57</pbbase:BinCount>
                <pbbase:BinCount>42</pbbase:BinCount>
                <pbbase:BinCount>29</pbbase:BinCount>
                <pbbase:BinCount>12</pbbase:BinCount>
                <pbbase:BinCount>3</pbbase:BinCount>
                <pbbase:BinCount>0</pbbase:BinCount>
                <pbbase:BinCount>1</pbbase:BinCount>
                <pbbase:BinCount>0</pbbase:BinCount>
                <pbbase:BinCount>1</pbbase:BinCount>
            </pbbase:BinCounts>
            <pbbase:BinWidth>0.0049052196554839611</pbbase:BinWidth>
            <pbbase:MinOutlierValue>0.7500004768371582</pbbase:MinOutlierValue>
            <pbbase:MinBinValue>0.7500004768371582</pbbase:MinBinValue>
            <pbbase:MaxBinValue>0.89225196838378906</pbbase:MaxBinValue>
            <pbbase:MaxOutlierValue>0.89715707302093506</pbbase:MaxOutlierValue>
            <pbbase:MetricDescription>Polymerase Read Quality</pbbase:MetricDescription>
        </pbds:InsertReadQualDist>
    </pbds:SummaryStats>
</pbds:DataSetMetadata>
</pbds:SubreadSet>
