<?xml version="1.0" ?>
<pbds:SubreadSet CreatedAt="2015-08-06T17:07:36" MetaType="PacBio.DataSet.SubreadSet" Name="" Tags="" TimeStampedName="PacBio.DataSet.SubreadSet-150807_000736" UniqueId="dd7edc7d-0c24-0823-f918-394d4cbd0f9d" Version="3.0.0" xmlns="http://pacificbiosciences.com/PacBioDataModel.xsd" xmlns:pbbase="http://pacificbiosciences.com/PacBioBaseDataModel.xsd" xmlns:pbds="http://pacificbiosciences.com/PacBioDatasets.xsd" xmlns:pbstats="http://pacificbiosciences.com/PipelineStats/PipeStats.xsd" xmlns:xsi="http://www.w3.org/2001/XMLSchema-instance" xsi:schemaLocation="http://pacificbiosciences.com/PacBioDataModel.xsd">
	<pbbase:ExternalResources>
		<pbbase:ExternalResource MetaType="PacBio.SubreadFile.SubreadBamFile" ResourceId="pbalchemysim0.subreads.bam" TimeStampedName="PacBio.SubreadFile.SubreadBamFile-150807_000736" UniqueId="c55c8ed2-4821-4c48-9395-94625363fe6d"/>
	</pbbase:ExternalResources>
	<pbds:DataSetMetadata>
		<pbds:TotalLength>-1</pbds:TotalLength>
		<pbds:NumRecords>-1</pbds:NumRecords>
		<pbstats:SummaryStats>
			<pbstats:NumSequencingZmws>153168.0</pbstats:NumSequencingZmws>
			<pbstats:AdapterDimerFraction>1.28301765719e-05</pbstats:AdapterDimerFraction>
			<pbstats:ShortInsertFraction>3.20754414298e-05</pbstats:ShortInsertFraction>
			<pbstats:ProdDist>
				<pbstats:NumBins>4</pbstats:NumBins>
				<pbstats:MetricDescription>Productivity</pbstats:MetricDescription>
				<pbstats:BinCounts>
					<pbstats:BinCount>120979</pbstats:BinCount>
					<pbstats:BinCount>25123</pbstats:BinCount>
					<pbstats:BinCount>7066</pbstats:BinCount>
					<pbstats:BinCount>0</pbstats:BinCount>
				</pbstats:BinCounts>
				<pbstats:BinLabels>
					<pbstats:BinLabel>Empty</pbstats:BinLabel>
					<pbstats:BinLabel>Productive</pbstats:BinLabel>
					<pbstats:BinLabel>Other</pbstats:BinLabel>
					<pbstats:BinLabel>NotDefined</pbstats:BinLabel>
				</pbstats:BinLabels>
			</pbstats:ProdDist>
			<pbstats:ReadTypeDist>
				<pbstats:NumBins>9</pbstats:NumBins>
				<pbstats:MetricDescription>Read Type</pbstats:MetricDescription>
				<pbstats:BinCounts>
					<pbstats:BinCount>89042</pbstats:BinCount>
					<pbstats:BinCount>14534</pbstats:BinCount>
					<pbstats:BinCount>199</pbstats:BinCount>
					<pbstats:BinCount>4367</pbstats:BinCount>
					<pbstats:BinCount>8126</pbstats:BinCount>
					<pbstats:BinCount>110</pbstats:BinCount>
					<pbstats:BinCount>0</pbstats:BinCount>
					<pbstats:BinCount>36790</pbstats:BinCount>
					<pbstats:BinCount>0</pbstats:BinCount>
				</pbstats:BinCounts>
				<pbstats:BinLabels>
					<pbstats:BinLabel>Empty</pbstats:BinLabel>
					<pbstats:BinLabel>FullHqRead0</pbstats:BinLabel>
					<pbstats:BinLabel>FullHqRead1</pbstats:BinLabel>
					<pbstats:BinLabel>PartialHqRead0</pbstats:BinLabel>
					<pbstats:BinLabel>PartialHqRead1</pbstats:BinLabel>
					<pbstats:BinLabel>PartialHqRead2</pbstats:BinLabel>
					<pbstats:BinLabel>Multiload</pbstats:BinLabel>
					<pbstats:BinLabel>Indeterminate</pbstats:BinLabel>
					<pbstats:BinLabel>NotDefined</pbstats:BinLabel>
				</pbstats:BinLabels>
			</pbstats:ReadTypeDist>
			<pbstats:ReadLenDist>
				<pbstats:SampleSize>901</pbstats:SampleSize>
				<pbstats:SampleMean>4528.69384765625</pbstats:SampleMean>
				<pbstats:SampleMed>5227</pbstats:SampleMed>
				<pbstats:SampleStd>2322.8055598026981</pbstats:SampleStd>
				<pbstats:Sample95thPct>7367</pbstats:Sample95thPct>
				<pbstats:NumBins>30</pbstats:NumBins>
				<pbstats:BinWidth>418.89999389648438</pbstats:BinWidth>
				<pbstats:MinOutlierValue>77</pbstats:MinOutlierValue>
				<pbstats:MinBinValue>77</pbstats:MinBinValue>
				<pbstats:MaxBinValue>12225.1025390625</pbstats:MaxBinValue>
				<pbstats:MaxOutlierValue>12644</pbstats:MaxOutlierValue>
				<pbstats:MetricDescription>Polymerase Read Length</pbstats:MetricDescription>
				<pbstats:BinCounts>
					<pbstats:BinCount>0</pbstats:BinCount>
					<pbstats:BinCount>62</pbstats:BinCount>
					<pbstats:BinCount>39</pbstats:BinCount>
					<pbstats:BinCount>36</pbstats:BinCount>
					<pbstats:BinCount>29</pbstats:BinCount>
					<pbstats:BinCount>37</pbstats:BinCount>
					<pbstats:BinCount>19</pbstats:BinCount>
					<pbstats:BinCount>29</pbstats:BinCount>
					<pbstats:BinCount>37</pbstats:BinCount>
					<pbstats:BinCount>32</pbstats:BinCount>
					<pbstats:BinCount>32</pbstats:BinCount>
					<pbstats:BinCount>40</pbstats:BinCount>
					<pbstats:BinCount>45</pbstats:BinCount>
					<pbstats:BinCount>54</pbstats:BinCount>
					<pbstats:BinCount>73</pbstats:BinCount>
					<pbstats:BinCount>77</pbstats:BinCount>
					<pbstats:BinCount>97</pbstats:BinCount>
					<pbstats:BinCount>95</pbstats:BinCount>
					<pbstats:BinCount>49</pbstats:BinCount>
					<pbstats:BinCount>17</pbstats:BinCount>
					<pbstats:BinCount>2</pbstats:BinCount>
					<pbstats:BinCount>0</pbstats:BinCount>
					<pbstats:BinCount>0</pbstats:BinCount>
					<pbstats:BinCount>0</pbstats:BinCount>
					<pbstats:BinCount>0</pbstats:BinCount>
					<pbstats:BinCount>0</pbstats:BinCount>
					<pbstats:BinCount>0</pbstats:BinCount>
					<pbstats:BinCount>0</pbstats:BinCount>
					<pbstats:BinCount>0</pbstats:BinCount>
					<pbstats:BinCount>0</pbstats:BinCount>
					<pbstats:BinCount>0</pbstats:BinCount>
					<pbstats:BinCount>0</pbstats:BinCount>
				</pbstats:BinCounts>
			</pbstats:ReadLenDist>
			<pbstats:ReadQualDist>
				<pbstats:SampleSize>901</pbstats:SampleSize>
				<pbstats:SampleMean>0.82736450433731079</pbstats:SampleMean>
				<pbstats:SampleMed>0.83167940378189087</pbstats:SampleMed>
				<pbstats:SampleStd>0.029663275550147809</pbstats:SampleStd>
				<pbstats:Sample95thPct>0.86801999807357788</pbstats:Sample95thPct>
				<pbstats:NumBins>30</pbstats:NumBins>
				<pbstats:BinWidth>0.0049052196554839611</pbstats:BinWidth>
				<pbstats:MinOutlierValue>0.7500004768371582</pbstats:MinOutlierValue>
				<pbstats:MinBinValue>0.7500004768371582</pbstats:MinBinValue>
				<pbstats:MaxBinValue>0.89225196838378906</pbstats:MaxBinValue>
				<pbstats:MaxOutlierValue>0.89715707302093506</pbstats:MaxOutlierValue>
				<pbstats:MetricDescription>Polymerase Read Quality</pbstats:MetricDescription>
				<pbstats:BinCounts>
					<pbstats:BinCount>0</pbstats:BinCount>
					<pbstats:BinCount>12</pbstats:BinCount>
					<pbstats:BinCount>8</pbstats:BinCount>
					<pbstats:BinCount>11</pbstats:BinCount>
					<pbstats:BinCount>10</pbstats:BinCount>
					<pbstats:BinCount>17</pbstats:BinCount>
					<pbstats:BinCount>11</pbstats:BinCount>
					<pbstats:BinCount>20</pbstats:BinCount>
					<pbstats:BinCount>24</pbstats:BinCount>
					<pbstats:BinCount>24</pbstats:BinCount>
					<pbstats:BinCount>34</pbstats:BinCount>
					<pbstats:BinCount>25</pbstats:BinCount>
					<pbstats:BinCount>38</pbstats:BinCount>
					<pbstats:BinCount>52</pbstats:BinCount>
					<pbstats:BinCount>33</pbstats:BinCount>
					<pbstats:BinCount>45</pbstats:BinCount>
					<pbstats:BinCount>48</pbstats:BinCount>
					<pbstats:BinCount>57</pbstats:BinCount>
					<pbstats:BinCount>47</pbstats:BinCount>
					<pbstats:BinCount>69</pbstats:BinCount>
					<pbstats:BinCount>65</pbstats:BinCount>
					<pbstats:BinCount>55</pbstats:BinCount>
					<pbstats:BinCount>51</pbstats:BinCount>
					<pbstats:BinCount>57</pbstats:BinCount>
					<pbstats:BinCount>42</pbstats:BinCount>
					<pbstats:BinCount>29</pbstats:BinCount>
					<pbstats:BinCount>12</pbstats:BinCount>
					<pbstats:BinCount>3</pbstats:BinCount>
					<pbstats:BinCount>0</pbstats:BinCount>
					<pbstats:BinCount>1</pbstats:BinCount>
					<pbstats:BinCount>0</pbstats:BinCount>
					<pbstats:BinCount>1</pbstats:BinCount>
				</pbstats:BinCounts>
			</pbstats:ReadQualDist>
			<pbstats:InsertReadLenDist>
				<pbstats:SampleSize>901</pbstats:SampleSize>
				<pbstats:SampleMean>460.4583740234375</pbstats:SampleMean>
				<pbstats:SampleMed>350</pbstats:SampleMed>
				<pbstats:SampleStd>592.13342124584449</pbstats:SampleStd>
				<pbstats:Sample95thPct>751</pbstats:Sample95thPct>
				<pbstats:NumBins>30</pbstats:NumBins>
				<pbstats:BinWidth>98</pbstats:BinWidth>
				<pbstats:MinOutlierValue>78</pbstats:MinOutlierValue>
				<pbstats:MinBinValue>78</pbstats:MinBinValue>
				<pbstats:MaxBinValue>2920</pbstats:MaxBinValue>
				<pbstats:MaxOutlierValue>5969</pbstats:MaxOutlierValue>
				<pbstats:MetricDescription>Read Length of Insert</pbstats:MetricDescription>
				<pbstats:BinCounts>
					<pbstats:BinCount>0</pbstats:BinCount>
					<pbstats:BinCount>21</pbstats:BinCount>
					<pbstats:BinCount>25</pbstats:BinCount>
					<pbstats:BinCount>621</pbstats:BinCount>
					<pbstats:BinCount>151</pbstats:BinCount>
					<pbstats:BinCount>23</pbstats:BinCount>
					<pbstats:BinCount>10</pbstats:BinCount>
					<pbstats:BinCount>7</pbstats:BinCount>
					<pbstats:BinCount>4</pbstats:BinCount>
					<pbstats:BinCount>4</pbstats:BinCount>
					<pbstats:BinCount>3</pbstats:BinCount>
					<pbstats:BinCount>1</pbstats:BinCount>
					<pbstats:BinCount>2</pbstats:BinCount>
					<pbstats:BinCount>5</pbstats:BinCount>
					<pbstats:BinCount>0</pbstats:BinCount>
					<pbstats:BinCount>1</pbstats:BinCount>
					<pbstats:BinCount>1</pbstats:BinCount>
					<pbstats:BinCount>1</pbstats:BinCount>
					<pbstats:BinCount>1</pbstats:BinCount>
					<pbstats:BinCount>0</pbstats:BinCount>
					<pbstats:BinCount>0</pbstats:BinCount>
					<pbstats:BinCount>1</pbstats:BinCount>
					<pbstats:BinCount>0</pbstats:BinCount>
					<pbstats:BinCount>0</pbstats:BinCount>
					<pbstats:BinCount>0</pbstats:BinCount>
					<pbstats:BinCount>0</pbstats:BinCount>
					<pbstats:BinCount>0</pbstats:BinCount>
					<pbstats:BinCount>1</pbstats:BinCount>
					<pbstats:BinCount>1</pbstats:BinCount>
					<pbstats:BinCount>0</pbstats:BinCount>
					<pbstats:BinCount>2</pbstats:BinCount>
					<pbstats:BinCount>15</pbstats:BinCount>
				</pbstats:BinCounts>
			</pbstats:InsertReadLenDist>
			<pbstats:InsertReadQualDist>
				<pbstats:SampleSize>901</pbstats:SampleSize>
				<pbstats:SampleMean>0.96519893407821655</pbstats:SampleMean>
				<pbstats:SampleMed>0.99638187885284424</pbstats:SampleMed>
				<pbstats:SampleStd>0.063829474832070937</pbstats:SampleStd>
				<pbstats:Sample95thPct>0.9987713098526001</pbstats:Sample95thPct>
				<pbstats:NumBins>30</pbstats:NumBins>
				<pbstats:BinWidth>0.0082235373556613922</pbstats:BinWidth>
				<pbstats:MinOutlierValue>0.75223779678344727</pbstats:MinOutlierValue>
				<pbstats:MinBinValue>0.75223779678344727</pbstats:MinBinValue>
				<pbstats:MaxBinValue>0.990720272064209</pbstats:MaxBinValue>
				<pbstats:MaxOutlierValue>0.99894392490386963</pbstats:MaxOutlierValue>
				<pbstats:MetricDescription>Read Quality of Insert</pbstats:MetricDescription>
				<pbstats:BinCounts>
					<pbstats:BinCount>0</pbstats:BinCount>
					<pbstats:BinCount>6</pbstats:BinCount>
					<pbstats:BinCount>3</pbstats:BinCount>
					<pbstats:BinCount>7</pbstats:BinCount>
					<pbstats:BinCount>11</pbstats:BinCount>
					<pbstats:BinCount>14</pbstats:BinCount>
					<pbstats:BinCount>13</pbstats:BinCount>
					<pbstats:BinCount>12</pbstats:BinCount>
					<pbstats:BinCount>13</pbstats:BinCount>
					<pbstats:BinCount>6</pbstats:BinCount>
					<pbstats:BinCount>5</pbstats:BinCount>
					<pbstats:BinCount>3</pbstats:BinCount>
					<pbstats:BinCount>9</pbstats:BinCount>
					<pbstats:BinCount>3</pbstats:BinCount>
					<pbstats:BinCount>2</pbstats:BinCount>
					<pbstats:BinCount>3</pbstats:BinCount>
					<pbstats:BinCount>3</pbstats:BinCount>
					<pbstats:BinCount>1</pbstats:BinCount>
					<pbstats:BinCount>5</pbstats:BinCount>
					<pbstats:BinCount>3</pbstats:BinCount>
					<pbstats:BinCount>9</pbstats:BinCount>
					<pbstats:BinCount>9</pbstats:BinCount>
					<pbstats:BinCount>11</pbstats:BinCount>
					<pbstats:BinCount>16</pbstats:BinCount>
					<pbstats:BinCount>10</pbstats:BinCount>
					<pbstats:BinCount>10</pbstats:BinCount>
					<pbstats:BinCount>16</pbstats:BinCount>
					<pbstats:BinCount>24</pbstats:BinCount>
					<pbstats:BinCount>35</pbstats:BinCount>
					<pbstats:BinCount>59</pbstats:BinCount>
					<pbstats:BinCount>579</pbstats:BinCount>
					<pbstats:BinCount>1</pbstats:BinCount>
				</pbstats:BinCounts>
			</pbstats:InsertReadQualDist>
			<pbstats:MedianInsertDist>
				<pbstats:SampleSize>973</pbstats:SampleSize>
				<pbstats:SampleMean>513.21990966796875</pbstats:SampleMean>
				<pbstats:SampleMed>350</pbstats:SampleMed>
				<pbstats:SampleStd>575.83020626506971</pbstats:SampleStd>
				<pbstats:Sample95thPct>1322</pbstats:Sample95thPct>
				<pbstats:NumBins>30</pbstats:NumBins>
				<pbstats:BinWidth>93.333335876464844</pbstats:BinWidth>
				<pbstats:MinOutlierValue>289</pbstats:MinOutlierValue>
				<pbstats:MinBinValue>289</pbstats:MinBinValue>
				<pbstats:MaxBinValue>2995.666259765625</pbstats:MaxBinValue>
				<pbstats:MaxOutlierValue>6278</pbstats:MaxOutlierValue>
				<pbstats:MetricDescription>Median Insert</pbstats:MetricDescription>
				<pbstats:BinCounts>
					<pbstats:BinCount>0</pbstats:BinCount>
					<pbstats:BinCount>714</pbstats:BinCount>
					<pbstats:BinCount>101</pbstats:BinCount>
					<pbstats:BinCount>32</pbstats:BinCount>
					<pbstats:BinCount>18</pbstats:BinCount>
					<pbstats:BinCount>13</pbstats:BinCount>
					<pbstats:BinCount>8</pbstats:BinCount>
					<pbstats:BinCount>5</pbstats:BinCount>
					<pbstats:BinCount>6</pbstats:BinCount>
					<pbstats:BinCount>7</pbstats:BinCount>
					<pbstats:BinCount>10</pbstats:BinCount>
					<pbstats:BinCount>10</pbstats:BinCount>
					<pbstats:BinCount>1</pbstats:BinCount>
					<pbstats:BinCount>2</pbstats:BinCount>
					<pbstats:BinCount>0</pbstats:BinCount>
					<pbstats:BinCount>4</pbstats:BinCount>
					<pbstats:BinCount>6</pbstats:BinCount>
					<pbstats:BinCount>3</pbstats:BinCount>
					<pbstats:BinCount>1</pbstats:BinCount>
					<pbstats:BinCount>7</pbstats:BinCount>
					<pbstats:BinCount>1</pbstats:BinCount>
					<pbstats:BinCount>3</pbstats:BinCount>
					<pbstats:BinCount>4</pbstats:BinCount>
					<pbstats:BinCount>1</pbstats:BinCount>
					<pbstats:BinCount>0</pbstats:BinCount>
					<pbstats:BinCount>3</pbstats:BinCount>
					<pbstats:BinCount>0</pbstats:BinCount>
					<pbstats:BinCount>1</pbstats:BinCount>
					<pbstats:BinCount>0</pbstats:BinCount>
					<pbstats:BinCount>2</pbstats:BinCount>
					<pbstats:BinCount>1</pbstats:BinCount>
					<pbstats:BinCount>9</pbstats:BinCount>
				</pbstats:BinCounts>
			</pbstats:MedianInsertDist>
			<pbstats:ReadLenDist>
				<pbstats:SampleSize>24222</pbstats:SampleSize>
				<pbstats:SampleMean>13965.3232421875</pbstats:SampleMean>
				<pbstats:SampleMed>11484</pbstats:SampleMed>
				<pbstats:SampleStd>10580.691922120142</pbstats:SampleStd>
				<pbstats:Sample95thPct>34936</pbstats:Sample95thPct>
				<pbstats:NumBins>30</pbstats:NumBins>
				<pbstats:BinWidth>2078.2333984375</pbstats:BinWidth>
				<pbstats:MinOutlierValue>63</pbstats:MinOutlierValue>
				<pbstats:MinBinValue>63</pbstats:MinBinValue>
				<pbstats:MaxBinValue>60331.7890625</pbstats:MaxBinValue>
				<pbstats:MaxOutlierValue>62410</pbstats:MaxOutlierValue>
				<pbstats:MetricDescription>Polymerase Read Length</pbstats:MetricDescription>
				<pbstats:BinCounts>
					<pbstats:BinCount>0</pbstats:BinCount>
					<pbstats:BinCount>2564</pbstats:BinCount>
					<pbstats:BinCount>2649</pbstats:BinCount>
					<pbstats:BinCount>2135</pbstats:BinCount>
					<pbstats:BinCount>1875</pbstats:BinCount>
					<pbstats:BinCount>1977</pbstats:BinCount>
					<pbstats:BinCount>1829</pbstats:BinCount>
					<pbstats:BinCount>1533</pbstats:BinCount>
					<pbstats:BinCount>1304</pbstats:BinCount>
					<pbstats:BinCount>1148</pbstats:BinCount>
					<pbstats:BinCount>1065</pbstats:BinCount>
					<pbstats:BinCount>919</pbstats:BinCount>
					<pbstats:BinCount>854</pbstats:BinCount>
					<pbstats:BinCount>803</pbstats:BinCount>
					<pbstats:BinCount>650</pbstats:BinCount>
					<pbstats:BinCount>605</pbstats:BinCount>
					<pbstats:BinCount>609</pbstats:BinCount>
					<pbstats:BinCount>646</pbstats:BinCount>
					<pbstats:BinCount>562</pbstats:BinCount>
					<pbstats:BinCount>333</pbstats:BinCount>
					<pbstats:BinCount>132</pbstats:BinCount>
					<pbstats:BinCount>23</pbstats:BinCount>
					<pbstats:BinCount>5</pbstats:BinCount>
					<pbstats:BinCount>2</pbstats:BinCount>
					<pbstats:BinCount>0</pbstats:BinCount>
					<pbstats:BinCount>0</pbstats:BinCount>
					<pbstats:BinCount>0</pbstats:BinCount>
					<pbstats:BinCount>0</pbstats:BinCount>
					<pbstats:BinCount>0</pbstats:BinCount>
					<pbstats:BinCount>0</pbstats:BinCount>
					<pbstats:BinCount>0</pbstats:BinCount>
					<pbstats:BinCount>0</pbstats:BinCount>
				</pbstats:BinCounts>
			</pbstats:ReadLenDist>
			<pbstats:ReadQualDist>
				<pbstats:SampleSize>24222</pbstats:SampleSize>
				<pbstats:SampleMean>0.85828709602355957</pbstats:SampleMean>
				<pbstats:SampleMed>0.868025004863739</pbstats:SampleMed>
				<pbstats:SampleStd>0.030875069589002442</pbstats:SampleStd>
				<pbstats:Sample95thPct>0.88995635509490967</pbstats:Sample95thPct>
				<pbstats:NumBins>30</pbstats:NumBins>
				<pbstats:BinWidth>0.00517143402248621</pbstats:BinWidth>
				<pbstats:MinOutlierValue>0.75007820129394531</pbstats:MinOutlierValue>
				<pbstats:MinBinValue>0.75007820129394531</pbstats:MinBinValue>
				<pbstats:MaxBinValue>0.90004932880401611</pbstats:MaxBinValue>
				<pbstats:MaxOutlierValue>0.90522122383117676</pbstats:MaxOutlierValue>
				<pbstats:MetricDescription>Polymerase Read Quality</pbstats:MetricDescription>
				<pbstats:BinCounts>
					<pbstats:BinCount>0</pbstats:BinCount>
					<pbstats:BinCount>122</pbstats:BinCount>
					<pbstats:BinCount>136</pbstats:BinCount>
					<pbstats:BinCount>130</pbstats:BinCount>
					<pbstats:BinCount>144</pbstats:BinCount>
					<pbstats:BinCount>163</pbstats:BinCount>
					<pbstats:BinCount>177</pbstats:BinCount>
					<pbstats:BinCount>186</pbstats:BinCount>
					<pbstats:BinCount>213</pbstats:BinCount>
					<pbstats:BinCount>237</pbstats:BinCount>
					<pbstats:BinCount>251</pbstats:BinCount>
					<pbstats:BinCount>280</pbstats:BinCount>
					<pbstats:BinCount>338</pbstats:BinCount>
					<pbstats:BinCount>412</pbstats:BinCount>
					<pbstats:BinCount>426</pbstats:BinCount>
					<pbstats:BinCount>527</pbstats:BinCount>
					<pbstats:BinCount>563</pbstats:BinCount>
					<pbstats:BinCount>686</pbstats:BinCount>
					<pbstats:BinCount>790</pbstats:BinCount>
					<pbstats:BinCount>925</pbstats:BinCount>
					<pbstats:BinCount>1095</pbstats:BinCount>
					<pbstats:BinCount>1377</pbstats:BinCount>
					<pbstats:BinCount>1525</pbstats:BinCount>
					<pbstats:BinCount>1775</pbstats:BinCount>
					<pbstats:BinCount>2133</pbstats:BinCount>
					<pbstats:BinCount>2515</pbstats:BinCount>
					<pbstats:BinCount>2973</pbstats:BinCount>
					<pbstats:BinCount>2823</pbstats:BinCount>
					<pbstats:BinCount>1192</pbstats:BinCount>
					<pbstats:BinCount>103</pbstats:BinCount>
					<pbstats:BinCount>4</pbstats:BinCount>
					<pbstats:BinCount>1</pbstats:BinCount>
				</pbstats:BinCounts>
			</pbstats:ReadQualDist>
			<pbstats:MedianInsertDist>
				<pbstats:SampleSize>570</pbstats:SampleSize>
				<pbstats:SampleMean>5406.65625</pbstats:SampleMean>
				<pbstats:SampleMed>2860</pbstats:SampleMed>
				<pbstats:SampleStd>6322.1968204214045</pbstats:SampleStd>
				<pbstats:Sample95thPct>18508</pbstats:Sample95thPct>
				<pbstats:NumBins>30</pbstats:NumBins>
				<pbstats:BinWidth>1090.199951171875</pbstats:BinWidth>
				<pbstats:MinOutlierValue>0</pbstats:MinOutlierValue>
				<pbstats:MinBinValue>0</pbstats:MinBinValue>
				<pbstats:MaxBinValue>31615.791015625</pbstats:MaxBinValue>
				<pbstats:MaxOutlierValue>64092</pbstats:MaxOutlierValue>
				<pbstats:MetricDescription>Median Insert</pbstats:MetricDescription>
				<pbstats:BinCounts>
					<pbstats:BinCount>0</pbstats:BinCount>
					<pbstats:BinCount>28</pbstats:BinCount>
					<pbstats:BinCount>159</pbstats:BinCount>
					<pbstats:BinCount>125</pbstats:BinCount>
					<pbstats:BinCount>65</pbstats:BinCount>
					<pbstats:BinCount>30</pbstats:BinCount>
					<pbstats:BinCount>26</pbstats:BinCount>
					<pbstats:BinCount>25</pbstats:BinCount>
					<pbstats:BinCount>9</pbstats:BinCount>
					<pbstats:BinCount>10</pbstats:BinCount>
					<pbstats:BinCount>10</pbstats:BinCount>
					<pbstats:BinCount>12</pbstats:BinCount>
					<pbstats:BinCount>7</pbstats:BinCount>
					<pbstats:BinCount>11</pbstats:BinCount>
					<pbstats:BinCount>11</pbstats:BinCount>
					<pbstats:BinCount>3</pbstats:BinCount>
					<pbstats:BinCount>3</pbstats:BinCount>
					<pbstats:BinCount>9</pbstats:BinCount>
					<pbstats:BinCount>3</pbstats:BinCount>
					<pbstats:BinCount>5</pbstats:BinCount>
					<pbstats:BinCount>4</pbstats:BinCount>
					<pbstats:BinCount>2</pbstats:BinCount>
					<pbstats:BinCount>2</pbstats:BinCount>
					<pbstats:BinCount>3</pbstats:BinCount>
					<pbstats:BinCount>1</pbstats:BinCount>
					<pbstats:BinCount>1</pbstats:BinCount>
					<pbstats:BinCount>0</pbstats:BinCount>
					<pbstats:BinCount>0</pbstats:BinCount>
					<pbstats:BinCount>0</pbstats:BinCount>
					<pbstats:BinCount>0</pbstats:BinCount>
					<pbstats:BinCount>2</pbstats:BinCount>
					<pbstats:BinCount>4</pbstats:BinCount>
				</pbstats:BinCounts>
			</pbstats:MedianInsertDist>
			<pbstats:InsertReadQualDist>
				<pbstats:SampleSize>24222</pbstats:SampleSize>
				<pbstats:SampleMean>0.86046397686004639</pbstats:SampleMean>
				<pbstats:SampleMed>0.8684546947479248</pbstats:SampleMed>
				<pbstats:SampleStd>0.035067464845073885</pbstats:SampleStd>
				<pbstats:Sample95thPct>0.89117431640625</pbstats:Sample95thPct>
				<pbstats:NumBins>30</pbstats:NumBins>
				<pbstats:BinWidth>0.0082973875105381012</pbstats:BinWidth>
				<pbstats:MinOutlierValue>0.75007820129394531</pbstats:MinOutlierValue>
				<pbstats:MinBinValue>0.75007820129394531</pbstats:MinBinValue>
				<pbstats:MaxBinValue>0.99070233106613159</pbstats:MaxBinValue>
				<pbstats:MaxOutlierValue>0.998999834060669</pbstats:MaxOutlierValue>
				<pbstats:MetricDescription>Read Quality of Insert</pbstats:MetricDescription>
				<pbstats:BinCounts>
					<pbstats:BinCount>0</pbstats:BinCount>
					<pbstats:BinCount>196</pbstats:BinCount>
					<pbstats:BinCount>221</pbstats:BinCount>
					<pbstats:BinCount>249</pbstats:BinCount>
					<pbstats:BinCount>282</pbstats:BinCount>
					<pbstats:BinCount>308</pbstats:BinCount>
					<pbstats:BinCount>392</pbstats:BinCount>
					<pbstats:BinCount>438</pbstats:BinCount>
					<pbstats:BinCount>619</pbstats:BinCount>
					<pbstats:BinCount>701</pbstats:BinCount>
					<pbstats:BinCount>871</pbstats:BinCount>
					<pbstats:BinCount>1141</pbstats:BinCount>
					<pbstats:BinCount>1465</pbstats:BinCount>
					<pbstats:BinCount>1989</pbstats:BinCount>
					<pbstats:BinCount>2463</pbstats:BinCount>
					<pbstats:BinCount>3213</pbstats:BinCount>
					<pbstats:BinCount>4186</pbstats:BinCount>
					<pbstats:BinCount>4264</pbstats:BinCount>
					<pbstats:BinCount>744</pbstats:BinCount>
					<pbstats:BinCount>10</pbstats:BinCount>
					<pbstats:BinCount>9</pbstats:BinCount>
					<pbstats:BinCount>4</pbstats:BinCount>
					<pbstats:BinCount>7</pbstats:BinCount>
					<pbstats:BinCount>10</pbstats:BinCount>
					<pbstats:BinCount>32</pbstats:BinCount>
					<pbstats:BinCount>51</pbstats:BinCount>
					<pbstats:BinCount>13</pbstats:BinCount>
					<pbstats:BinCount>21</pbstats:BinCount>
					<pbstats:BinCount>29</pbstats:BinCount>
					<pbstats:BinCount>46</pbstats:BinCount>
					<pbstats:BinCount>247</pbstats:BinCount>
					<pbstats:BinCount>1</pbstats:BinCount>
				</pbstats:BinCounts>
			</pbstats:InsertReadQualDist>
			<pbstats:InsertReadLenDist>
				<pbstats:SampleSize>24222</pbstats:SampleSize>
				<pbstats:SampleMean>12747.7919921875</pbstats:SampleMean>
				<pbstats:SampleMed>10937</pbstats:SampleMed>
				<pbstats:SampleStd>9364.0618727600377</pbstats:SampleStd>
				<pbstats:Sample95thPct>29948</pbstats:Sample95thPct>
				<pbstats:NumBins>30</pbstats:NumBins>
				<pbstats:BinWidth>1436.566650390625</pbstats:BinWidth>
				<pbstats:MinOutlierValue>1</pbstats:MinOutlierValue>
				<pbstats:MinBinValue>1</pbstats:MinBinValue>
				<pbstats:MaxBinValue>41661.4296875</pbstats:MaxBinValue>
				<pbstats:MaxOutlierValue>43098</pbstats:MaxOutlierValue>
				<pbstats:MetricDescription>Read Length of Insert</pbstats:MetricDescription>
				<pbstats:BinCounts>
					<pbstats:BinCount>0</pbstats:BinCount>
					<pbstats:BinCount>1660</pbstats:BinCount>
					<pbstats:BinCount>2384</pbstats:BinCount>
					<pbstats:BinCount>1828</pbstats:BinCount>
					<pbstats:BinCount>1455</pbstats:BinCount>
					<pbstats:BinCount>1315</pbstats:BinCount>
					<pbstats:BinCount>1302</pbstats:BinCount>
					<pbstats:BinCount>1365</pbstats:BinCount>
					<pbstats:BinCount>1296</pbstats:BinCount>
					<pbstats:BinCount>1200</pbstats:BinCount>
					<pbstats:BinCount>1088</pbstats:BinCount>
					<pbstats:BinCount>965</pbstats:BinCount>
					<pbstats:BinCount>856</pbstats:BinCount>
					<pbstats:BinCount>822</pbstats:BinCount>
					<pbstats:BinCount>820</pbstats:BinCount>
					<pbstats:BinCount>878</pbstats:BinCount>
					<pbstats:BinCount>756</pbstats:BinCount>
					<pbstats:BinCount>747</pbstats:BinCount>
					<pbstats:BinCount>754</pbstats:BinCount>
					<pbstats:BinCount>654</pbstats:BinCount>
					<pbstats:BinCount>535</pbstats:BinCount>
					<pbstats:BinCount>382</pbstats:BinCount>
					<pbstats:BinCount>321</pbstats:BinCount>
					<pbstats:BinCount>275</pbstats:BinCount>
					<pbstats:BinCount>181</pbstats:BinCount>
					<pbstats:BinCount>167</pbstats:BinCount>
					<pbstats:BinCount>117</pbstats:BinCount>
					<pbstats:BinCount>64</pbstats:BinCount>
					<pbstats:BinCount>22</pbstats:BinCount>
					<pbstats:BinCount>9</pbstats:BinCount>
					<pbstats:BinCount>3</pbstats:BinCount>
					<pbstats:BinCount>1</pbstats:BinCount>
				</pbstats:BinCounts>
			</pbstats:InsertReadLenDist>
		</pbstats:SummaryStats>
	</pbds:DataSetMetadata>
	<DataSets>
		<SubreadSet CreatedAt="2015-08-06T17:07:36" MetaType="PacBio.DataSet.SubreadSet" Name="" Tags="" TimeStampedName="PacBio.DataSet.SubreadSet-150807_000736" UniqueId="57850a3a-992e-2286-59b0-e189320d1dbc" Version="3.0.0" xmlns="http://pacificbiosciences.com/PacBioDataModel.xsd" xsi:schemaLocation="http://pacificbiosciences.com/PacBioDataModel.xsd">
			<pbbase:ExternalResources>
				<pbbase:ExternalResource MetaType="PacBio.SubreadFile.SubreadBamFile" ResourceId="pbalchemysim0.subreads.bam" TimeStampedName="PacBio.SubreadFile.SubreadBamFile-150807_000736" UniqueId="c55c8ed2-4821-4c48-9395-94625363fe6d"/>
			</pbbase:ExternalResources>
			<pbds:DataSetMetadata>
				<pbds:TotalLength>-1</pbds:TotalLength>
				<pbds:NumRecords>-1</pbds:NumRecords>
				<pbstats:SummaryStats>
					<pbstats:NumSequencingZmws>2876</pbstats:NumSequencingZmws>
					<pbstats:AdapterDimerFraction>0</pbstats:AdapterDimerFraction>
					<pbstats:ShortInsertFraction>0</pbstats:ShortInsertFraction>
					<pbstats:ProdDist>
						<pbstats:NumBins>4</pbstats:NumBins>
						<pbstats:MetricDescription>Productivity</pbstats:MetricDescription>
						<pbstats:BinCounts>
							<pbstats:BinCount>1576</pbstats:BinCount>
							<pbstats:BinCount>901</pbstats:BinCount>
							<pbstats:BinCount>399</pbstats:BinCount>
							<pbstats:BinCount>0</pbstats:BinCount>
						</pbstats:BinCounts>
						<pbstats:BinLabels>
							<pbstats:BinLabel>Empty</pbstats:BinLabel>
							<pbstats:BinLabel>Productive</pbstats:BinLabel>
							<pbstats:BinLabel>Other</pbstats:BinLabel>
							<pbstats:BinLabel>NotDefined</pbstats:BinLabel>
						</pbstats:BinLabels>
					</pbstats:ProdDist>
					<pbstats:ReadTypeDist>
						<pbstats:NumBins>9</pbstats:NumBins>
						<pbstats:MetricDescription>Read Type</pbstats:MetricDescription>
						<pbstats:BinCounts>
							<pbstats:BinCount>1474</pbstats:BinCount>
							<pbstats:BinCount>799</pbstats:BinCount>
							<pbstats:BinCount>4</pbstats:BinCount>
							<pbstats:BinCount>181</pbstats:BinCount>
							<pbstats:BinCount>92</pbstats:BinCount>
							<pbstats:BinCount>0</pbstats:BinCount>
							<pbstats:BinCount>0</pbstats:BinCount>
							<pbstats:BinCount>326</pbstats:BinCount>
							<pbstats:BinCount>0</pbstats:BinCount>
						</pbstats:BinCounts>
						<pbstats:BinLabels>
							<pbstats:BinLabel>Empty</pbstats:BinLabel>
							<pbstats:BinLabel>FullHqRead0</pbstats:BinLabel>
							<pbstats:BinLabel>FullHqRead1</pbstats:BinLabel>
							<pbstats:BinLabel>PartialHqRead0</pbstats:BinLabel>
							<pbstats:BinLabel>PartialHqRead1</pbstats:BinLabel>
							<pbstats:BinLabel>PartialHqRead2</pbstats:BinLabel>
							<pbstats:BinLabel>Multiload</pbstats:BinLabel>
							<pbstats:BinLabel>Indeterminate</pbstats:BinLabel>
							<pbstats:BinLabel>NotDefined</pbstats:BinLabel>
						</pbstats:BinLabels>
					</pbstats:ReadTypeDist>
					<pbstats:ReadLenDist>
						<pbstats:SampleSize>901</pbstats:SampleSize>
						<pbstats:SampleMean>4528.69384765625</pbstats:SampleMean>
						<pbstats:SampleMed>5227</pbstats:SampleMed>
						<pbstats:SampleStd>2322.8055598026981</pbstats:SampleStd>
						<pbstats:Sample95thPct>7367</pbstats:Sample95thPct>
						<pbstats:NumBins>30</pbstats:NumBins>
						<pbstats:BinWidth>418.89999389648438</pbstats:BinWidth>
						<pbstats:MinOutlierValue>77</pbstats:MinOutlierValue>
						<pbstats:MinBinValue>77</pbstats:MinBinValue>
						<pbstats:MaxBinValue>12225.1025390625</pbstats:MaxBinValue>
						<pbstats:MaxOutlierValue>12644</pbstats:MaxOutlierValue>
						<pbstats:MetricDescription>Polymerase Read Length</pbstats:MetricDescription>
						<pbstats:BinCounts>
							<pbstats:BinCount>0</pbstats:BinCount>
							<pbstats:BinCount>62</pbstats:BinCount>
							<pbstats:BinCount>39</pbstats:BinCount>
							<pbstats:BinCount>36</pbstats:BinCount>
							<pbstats:BinCount>29</pbstats:BinCount>
							<pbstats:BinCount>37</pbstats:BinCount>
							<pbstats:BinCount>19</pbstats:BinCount>
							<pbstats:BinCount>29</pbstats:BinCount>
							<pbstats:BinCount>37</pbstats:BinCount>
							<pbstats:BinCount>32</pbstats:BinCount>
							<pbstats:BinCount>32</pbstats:BinCount>
							<pbstats:BinCount>40</pbstats:BinCount>
							<pbstats:BinCount>45</pbstats:BinCount>
							<pbstats:BinCount>54</pbstats:BinCount>
							<pbstats:BinCount>73</pbstats:BinCount>
							<pbstats:BinCount>77</pbstats:BinCount>
							<pbstats:BinCount>97</pbstats:BinCount>
							<pbstats:BinCount>95</pbstats:BinCount>
							<pbstats:BinCount>49</pbstats:BinCount>
							<pbstats:BinCount>17</pbstats:BinCount>
							<pbstats:BinCount>2</pbstats:BinCount>
							<pbstats:BinCount>0</pbstats:BinCount>
							<pbstats:BinCount>0</pbstats:BinCount>
							<pbstats:BinCount>0</pbstats:BinCount>
							<pbstats:BinCount>0</pbstats:BinCount>
							<pbstats:BinCount>0</pbstats:BinCount>
							<pbstats:BinCount>0</pbstats:BinCount>
							<pbstats:BinCount>0</pbstats:BinCount>
							<pbstats:BinCount>0</pbstats:BinCount>
							<pbstats:BinCount>0</pbstats:BinCount>
							<pbstats:BinCount>0</pbstats:BinCount>
							<pbstats:BinCount>0</pbstats:BinCount>
						</pbstats:BinCounts>
					</pbstats:ReadLenDist>
					<pbstats:ReadQualDist>
						<pbstats:SampleSize>901</pbstats:SampleSize>
						<pbstats:SampleMean>0.82736450433731079</pbstats:SampleMean>
						<pbstats:SampleMed>0.83167940378189087</pbstats:SampleMed>
						<pbstats:SampleStd>0.029663275550147809</pbstats:SampleStd>
						<pbstats:Sample95thPct>0.86801999807357788</pbstats:Sample95thPct>
						<pbstats:NumBins>30</pbstats:NumBins>
						<pbstats:BinWidth>0.0049052196554839611</pbstats:BinWidth>
						<pbstats:MinOutlierValue>0.7500004768371582</pbstats:MinOutlierValue>
						<pbstats:MinBinValue>0.7500004768371582</pbstats:MinBinValue>
						<pbstats:MaxBinValue>0.89225196838378906</pbstats:MaxBinValue>
						<pbstats:MaxOutlierValue>0.89715707302093506</pbstats:MaxOutlierValue>
						<pbstats:MetricDescription>Polymerase Read Quality</pbstats:MetricDescription>
						<pbstats:BinCounts>
							<pbstats:BinCount>0</pbstats:BinCount>
							<pbstats:BinCount>12</pbstats:BinCount>
							<pbstats:BinCount>8</pbstats:BinCount>
							<pbstats:BinCount>11</pbstats:BinCount>
							<pbstats:BinCount>10</pbstats:BinCount>
							<pbstats:BinCount>17</pbstats:BinCount>
							<pbstats:BinCount>11</pbstats:BinCount>
							<pbstats:BinCount>20</pbstats:BinCount>
							<pbstats:BinCount>24</pbstats:BinCount>
							<pbstats:BinCount>24</pbstats:BinCount>
							<pbstats:BinCount>34</pbstats:BinCount>
							<pbstats:BinCount>25</pbstats:BinCount>
							<pbstats:BinCount>38</pbstats:BinCount>
							<pbstats:BinCount>52</pbstats:BinCount>
							<pbstats:BinCount>33</pbstats:BinCount>
							<pbstats:BinCount>45</pbstats:BinCount>
							<pbstats:BinCount>48</pbstats:BinCount>
							<pbstats:BinCount>57</pbstats:BinCount>
							<pbstats:BinCount>47</pbstats:BinCount>
							<pbstats:BinCount>69</pbstats:BinCount>
							<pbstats:BinCount>65</pbstats:BinCount>
							<pbstats:BinCount>55</pbstats:BinCount>
							<pbstats:BinCount>51</pbstats:BinCount>
							<pbstats:BinCount>57</pbstats:BinCount>
							<pbstats:BinCount>42</pbstats:BinCount>
							<pbstats:BinCount>29</pbstats:BinCount>
							<pbstats:BinCount>12</pbstats:BinCount>
							<pbstats:BinCount>3</pbstats:BinCount>
							<pbstats:BinCount>0</pbstats:BinCount>
							<pbstats:BinCount>1</pbstats:BinCount>
							<pbstats:BinCount>0</pbstats:BinCount>
							<pbstats:BinCount>1</pbstats:BinCount>
						</pbstats:BinCounts>
					</pbstats:ReadQualDist>
					<pbstats:InsertReadLenDist>
						<pbstats:SampleSize>901</pbstats:SampleSize>
						<pbstats:SampleMean>460.4583740234375</pbstats:SampleMean>
						<pbstats:SampleMed>350</pbstats:SampleMed>
						<pbstats:SampleStd>592.13342124584449</pbstats:SampleStd>
						<pbstats:Sample95thPct>751</pbstats:Sample95thPct>
						<pbstats:NumBins>30</pbstats:NumBins>
						<pbstats:BinWidth>98</pbstats:BinWidth>
						<pbstats:MinOutlierValue>78</pbstats:MinOutlierValue>
						<pbstats:MinBinValue>78</pbstats:MinBinValue>
						<pbstats:MaxBinValue>2920</pbstats:MaxBinValue>
						<pbstats:MaxOutlierValue>5969</pbstats:MaxOutlierValue>
						<pbstats:MetricDescription>Read Length of Insert</pbstats:MetricDescription>
						<pbstats:BinCounts>
							<pbstats:BinCount>0</pbstats:BinCount>
							<pbstats:BinCount>21</pbstats:BinCount>
							<pbstats:BinCount>25</pbstats:BinCount>
							<pbstats:BinCount>621</pbstats:BinCount>
							<pbstats:BinCount>151</pbstats:BinCount>
							<pbstats:BinCount>23</pbstats:BinCount>
							<pbstats:BinCount>10</pbstats:BinCount>
							<pbstats:BinCount>7</pbstats:BinCount>
							<pbstats:BinCount>4</pbstats:BinCount>
							<pbstats:BinCount>4</pbstats:BinCount>
							<pbstats:BinCount>3</pbstats:BinCount>
							<pbstats:BinCount>1</pbstats:BinCount>
							<pbstats:BinCount>2</pbstats:BinCount>
							<pbstats:BinCount>5</pbstats:BinCount>
							<pbstats:BinCount>0</pbstats:BinCount>
							<pbstats:BinCount>1</pbstats:BinCount>
							<pbstats:BinCount>1</pbstats:BinCount>
							<pbstats:BinCount>1</pbstats:BinCount>
							<pbstats:BinCount>1</pbstats:BinCount>
							<pbstats:BinCount>0</pbstats:BinCount>
							<pbstats:BinCount>0</pbstats:BinCount>
							<pbstats:BinCount>1</pbstats:BinCount>
							<pbstats:BinCount>0</pbstats:BinCount>
							<pbstats:BinCount>0</pbstats:BinCount>
							<pbstats:BinCount>0</pbstats:BinCount>
							<pbstats:BinCount>0</pbstats:BinCount>
							<pbstats:BinCount>0</pbstats:BinCount>
							<pbstats:BinCount>1</pbstats:BinCount>
							<pbstats:BinCount>1</pbstats:BinCount>
							<pbstats:BinCount>0</pbstats:BinCount>
							<pbstats:BinCount>2</pbstats:BinCount>
							<pbstats:BinCount>15</pbstats:BinCount>
						</pbstats:BinCounts>
					</pbstats:InsertReadLenDist>
					<pbstats:InsertReadQualDist>
						<pbstats:SampleSize>901</pbstats:SampleSize>
						<pbstats:SampleMean>0.96519893407821655</pbstats:SampleMean>
						<pbstats:SampleMed>0.99638187885284424</pbstats:SampleMed>
						<pbstats:SampleStd>0.063829474832070937</pbstats:SampleStd>
						<pbstats:Sample95thPct>0.9987713098526001</pbstats:Sample95thPct>
						<pbstats:NumBins>30</pbstats:NumBins>
						<pbstats:BinWidth>0.0082235373556613922</pbstats:BinWidth>
						<pbstats:MinOutlierValue>0.75223779678344727</pbstats:MinOutlierValue>
						<pbstats:MinBinValue>0.75223779678344727</pbstats:MinBinValue>
						<pbstats:MaxBinValue>0.990720272064209</pbstats:MaxBinValue>
						<pbstats:MaxOutlierValue>0.99894392490386963</pbstats:MaxOutlierValue>
						<pbstats:MetricDescription>Read Quality of Insert</pbstats:MetricDescription>
						<pbstats:BinCounts>
							<pbstats:BinCount>0</pbstats:BinCount>
							<pbstats:BinCount>6</pbstats:BinCount>
							<pbstats:BinCount>3</pbstats:BinCount>
							<pbstats:BinCount>7</pbstats:BinCount>
							<pbstats:BinCount>11</pbstats:BinCount>
							<pbstats:BinCount>14</pbstats:BinCount>
							<pbstats:BinCount>13</pbstats:BinCount>
							<pbstats:BinCount>12</pbstats:BinCount>
							<pbstats:BinCount>13</pbstats:BinCount>
							<pbstats:BinCount>6</pbstats:BinCount>
							<pbstats:BinCount>5</pbstats:BinCount>
							<pbstats:BinCount>3</pbstats:BinCount>
							<pbstats:BinCount>9</pbstats:BinCount>
							<pbstats:BinCount>3</pbstats:BinCount>
							<pbstats:BinCount>2</pbstats:BinCount>
							<pbstats:BinCount>3</pbstats:BinCount>
							<pbstats:BinCount>3</pbstats:BinCount>
							<pbstats:BinCount>1</pbstats:BinCount>
							<pbstats:BinCount>5</pbstats:BinCount>
							<pbstats:BinCount>3</pbstats:BinCount>
							<pbstats:BinCount>9</pbstats:BinCount>
							<pbstats:BinCount>9</pbstats:BinCount>
							<pbstats:BinCount>11</pbstats:BinCount>
							<pbstats:BinCount>16</pbstats:BinCount>
							<pbstats:BinCount>10</pbstats:BinCount>
							<pbstats:BinCount>10</pbstats:BinCount>
							<pbstats:BinCount>16</pbstats:BinCount>
							<pbstats:BinCount>24</pbstats:BinCount>
							<pbstats:BinCount>35</pbstats:BinCount>
							<pbstats:BinCount>59</pbstats:BinCount>
							<pbstats:BinCount>579</pbstats:BinCount>
							<pbstats:BinCount>1</pbstats:BinCount>
						</pbstats:BinCounts>
					</pbstats:InsertReadQualDist>
					<pbstats:MedianInsertDist>
						<pbstats:SampleSize>973</pbstats:SampleSize>
						<pbstats:SampleMean>513.21990966796875</pbstats:SampleMean>
						<pbstats:SampleMed>350</pbstats:SampleMed>
						<pbstats:SampleStd>575.83020626506971</pbstats:SampleStd>
						<pbstats:Sample95thPct>1322</pbstats:Sample95thPct>
						<pbstats:NumBins>30</pbstats:NumBins>
						<pbstats:BinWidth>93.333335876464844</pbstats:BinWidth>
						<pbstats:MinOutlierValue>289</pbstats:MinOutlierValue>
						<pbstats:MinBinValue>289</pbstats:MinBinValue>
						<pbstats:MaxBinValue>2995.666259765625</pbstats:MaxBinValue>
						<pbstats:MaxOutlierValue>6278</pbstats:MaxOutlierValue>
						<pbstats:MetricDescription>Median Insert</pbstats:MetricDescription>
						<pbstats:BinCounts>
							<pbstats:BinCount>0</pbstats:BinCount>
							<pbstats:BinCount>714</pbstats:BinCount>
							<pbstats:BinCount>101</pbstats:BinCount>
							<pbstats:BinCount>32</pbstats:BinCount>
							<pbstats:BinCount>18</pbstats:BinCount>
							<pbstats:BinCount>13</pbstats:BinCount>
							<pbstats:BinCount>8</pbstats:BinCount>
							<pbstats:BinCount>5</pbstats:BinCount>
							<pbstats:BinCount>6</pbstats:BinCount>
							<pbstats:BinCount>7</pbstats:BinCount>
							<pbstats:BinCount>10</pbstats:BinCount>
							<pbstats:BinCount>10</pbstats:BinCount>
							<pbstats:BinCount>1</pbstats:BinCount>
							<pbstats:BinCount>2</pbstats:BinCount>
							<pbstats:BinCount>0</pbstats:BinCount>
							<pbstats:BinCount>4</pbstats:BinCount>
							<pbstats:BinCount>6</pbstats:BinCount>
							<pbstats:BinCount>3</pbstats:BinCount>
							<pbstats:BinCount>1</pbstats:BinCount>
							<pbstats:BinCount>7</pbstats:BinCount>
							<pbstats:BinCount>1</pbstats:BinCount>
							<pbstats:BinCount>3</pbstats:BinCount>
							<pbstats:BinCount>4</pbstats:BinCount>
							<pbstats:BinCount>1</pbstats:BinCount>
							<pbstats:BinCount>0</pbstats:BinCount>
							<pbstats:BinCount>3</pbstats:BinCount>
							<pbstats:BinCount>0</pbstats:BinCount>
							<pbstats:BinCount>1</pbstats:BinCount>
							<pbstats:BinCount>0</pbstats:BinCount>
							<pbstats:BinCount>2</pbstats:BinCount>
							<pbstats:BinCount>1</pbstats:BinCount>
							<pbstats:BinCount>9</pbstats:BinCount>
						</pbstats:BinCounts>
					</pbstats:MedianInsertDist>
				</pbstats:SummaryStats>
			</pbds:DataSetMetadata>
		</SubreadSet>
		<SubreadSet CreatedAt="2015-08-06T17:07:36" MetaType="PacBio.DataSet.SubreadSet" Name="" Tags="" TimeStampedName="PacBio.DataSet.SubreadSet-150807_000736" UniqueId="57850a3a-992e-2286-59b0-e189320d1dbc" Version="3.0.0" xmlns="http://pacificbiosciences.com/PacBioDataModel.xsd" xsi:schemaLocation="http://pacificbiosciences.com/PacBioDataModel.xsd">
			<pbbase:ExternalResources>
				<pbbase:ExternalResource MetaType="PacBio.SubreadFile.SubreadBamFile" ResourceId="pbalchemysim0.subreads.bam" TimeStampedName="PacBio.SubreadFile.SubreadBamFile-150807_000736" UniqueId="c55c8ed2-4821-4c48-9395-94625363fe6d"/>
			</pbbase:ExternalResources>
			<pbds:DataSetMetadata>
				<pbds:TotalLength>-1</pbds:TotalLength>
				<pbds:NumRecords>-1</pbds:NumRecords>
				<pbstats:SummaryStats>
					<pbstats:NumSequencingZmws>150292</pbstats:NumSequencingZmws>
					<pbstats:AdapterDimerFraction>1.3307428206424827E-05</pbstats:AdapterDimerFraction>
					<pbstats:ShortInsertFraction>3.3268570516062067E-05</pbstats:ShortInsertFraction>
					<pbstats:ProdDist>
						<pbstats:NumBins>4</pbstats:NumBins>
						<pbstats:MetricDescription>Productivity</pbstats:MetricDescription>
						<pbstats:BinCounts>
							<pbstats:BinCount>119403</pbstats:BinCount>
							<pbstats:BinCount>24222</pbstats:BinCount>
							<pbstats:BinCount>6667</pbstats:BinCount>
							<pbstats:BinCount>0</pbstats:BinCount>
						</pbstats:BinCounts>
						<pbstats:BinLabels>
							<pbstats:BinLabel>Empty</pbstats:BinLabel>
							<pbstats:BinLabel>Productive</pbstats:BinLabel>
							<pbstats:BinLabel>Other</pbstats:BinLabel>
							<pbstats:BinLabel>NotDefined</pbstats:BinLabel>
						</pbstats:BinLabels>
					</pbstats:ProdDist>
					<pbstats:ReadTypeDist>
						<pbstats:NumBins>9</pbstats:NumBins>
						<pbstats:MetricDescription>Read Type</pbstats:MetricDescription>
						<pbstats:BinCounts>
							<pbstats:BinCount>87568</pbstats:BinCount>
							<pbstats:BinCount>13735</pbstats:BinCount>
							<pbstats:BinCount>195</pbstats:BinCount>
							<pbstats:BinCount>4186</pbstats:BinCount>
							<pbstats:BinCount>8034</pbstats:BinCount>
							<pbstats:BinCount>110</pbstats:BinCount>
							<pbstats:BinCount>0</pbstats:BinCount>
							<pbstats:BinCount>36464</pbstats:BinCount>
							<pbstats:BinCount>0</pbstats:BinCount>
						</pbstats:BinCounts>
						<pbstats:BinLabels>
							<pbstats:BinLabel>Empty</pbstats:BinLabel>
							<pbstats:BinLabel>FullHqRead0</pbstats:BinLabel>
							<pbstats:BinLabel>FullHqRead1</pbstats:BinLabel>
							<pbstats:BinLabel>PartialHqRead0</pbstats:BinLabel>
							<pbstats:BinLabel>PartialHqRead1</pbstats:BinLabel>
							<pbstats:BinLabel>PartialHqRead2</pbstats:BinLabel>
							<pbstats:BinLabel>Multiload</pbstats:BinLabel>
							<pbstats:BinLabel>Indeterminate</pbstats:BinLabel>
							<pbstats:BinLabel>NotDefined</pbstats:BinLabel>
						</pbstats:BinLabels>
					</pbstats:ReadTypeDist>
					<pbstats:ReadLenDist>
						<pbstats:SampleSize>24222</pbstats:SampleSize>
						<pbstats:SampleMean>13965.3232421875</pbstats:SampleMean>
						<pbstats:SampleMed>11484</pbstats:SampleMed>
						<pbstats:SampleStd>10580.691922120142</pbstats:SampleStd>
						<pbstats:Sample95thPct>34936</pbstats:Sample95thPct>
						<pbstats:NumBins>30</pbstats:NumBins>
						<pbstats:BinWidth>2078.2333984375</pbstats:BinWidth>
						<pbstats:MinOutlierValue>63</pbstats:MinOutlierValue>
						<pbstats:MinBinValue>63</pbstats:MinBinValue>
						<pbstats:MaxBinValue>60331.7890625</pbstats:MaxBinValue>
						<pbstats:MaxOutlierValue>62410</pbstats:MaxOutlierValue>
						<pbstats:MetricDescription>Polymerase Read Length</pbstats:MetricDescription>
						<pbstats:BinCounts>
							<pbstats:BinCount>0</pbstats:BinCount>
							<pbstats:BinCount>2564</pbstats:BinCount>
							<pbstats:BinCount>2649</pbstats:BinCount>
							<pbstats:BinCount>2135</pbstats:BinCount>
							<pbstats:BinCount>1875</pbstats:BinCount>
							<pbstats:BinCount>1977</pbstats:BinCount>
							<pbstats:BinCount>1829</pbstats:BinCount>
							<pbstats:BinCount>1533</pbstats:BinCount>
							<pbstats:BinCount>1304</pbstats:BinCount>
							<pbstats:BinCount>1148</pbstats:BinCount>
							<pbstats:BinCount>1065</pbstats:BinCount>
							<pbstats:BinCount>919</pbstats:BinCount>
							<pbstats:BinCount>854</pbstats:BinCount>
							<pbstats:BinCount>803</pbstats:BinCount>
							<pbstats:BinCount>650</pbstats:BinCount>
							<pbstats:BinCount>605</pbstats:BinCount>
							<pbstats:BinCount>609</pbstats:BinCount>
							<pbstats:BinCount>646</pbstats:BinCount>
							<pbstats:BinCount>562</pbstats:BinCount>
							<pbstats:BinCount>333</pbstats:BinCount>
							<pbstats:BinCount>132</pbstats:BinCount>
							<pbstats:BinCount>23</pbstats:BinCount>
							<pbstats:BinCount>5</pbstats:BinCount>
							<pbstats:BinCount>2</pbstats:BinCount>
							<pbstats:BinCount>0</pbstats:BinCount>
							<pbstats:BinCount>0</pbstats:BinCount>
							<pbstats:BinCount>0</pbstats:BinCount>
							<pbstats:BinCount>0</pbstats:BinCount>
							<pbstats:BinCount>0</pbstats:BinCount>
							<pbstats:BinCount>0</pbstats:BinCount>
							<pbstats:BinCount>0</pbstats:BinCount>
							<pbstats:BinCount>0</pbstats:BinCount>
						</pbstats:BinCounts>
					</pbstats:ReadLenDist>
					<pbstats:ReadQualDist>
						<pbstats:SampleSize>24222</pbstats:SampleSize>
						<pbstats:SampleMean>0.85828709602355957</pbstats:SampleMean>
						<pbstats:SampleMed>0.868025004863739</pbstats:SampleMed>
						<pbstats:SampleStd>0.030875069589002442</pbstats:SampleStd>
						<pbstats:Sample95thPct>0.88995635509490967</pbstats:Sample95thPct>
						<pbstats:NumBins>30</pbstats:NumBins>
						<pbstats:BinWidth>0.00517143402248621</pbstats:BinWidth>
						<pbstats:MinOutlierValue>0.75007820129394531</pbstats:MinOutlierValue>
						<pbstats:MinBinValue>0.75007820129394531</pbstats:MinBinValue>
						<pbstats:MaxBinValue>0.90004932880401611</pbstats:MaxBinValue>
						<pbstats:MaxOutlierValue>0.90522122383117676</pbstats:MaxOutlierValue>
						<pbstats:MetricDescription>Polymerase Read Quality</pbstats:MetricDescription>
						<pbstats:BinCounts>
							<pbstats:BinCount>0</pbstats:BinCount>
							<pbstats:BinCount>122</pbstats:BinCount>
							<pbstats:BinCount>136</pbstats:BinCount>
							<pbstats:BinCount>130</pbstats:BinCount>
							<pbstats:BinCount>144</pbstats:BinCount>
							<pbstats:BinCount>163</pbstats:BinCount>
							<pbstats:BinCount>177</pbstats:BinCount>
							<pbstats:BinCount>186</pbstats:BinCount>
							<pbstats:BinCount>213</pbstats:BinCount>
							<pbstats:BinCount>237</pbstats:BinCount>
							<pbstats:BinCount>251</pbstats:BinCount>
							<pbstats:BinCount>280</pbstats:BinCount>
							<pbstats:BinCount>338</pbstats:BinCount>
							<pbstats:BinCount>412</pbstats:BinCount>
							<pbstats:BinCount>426</pbstats:BinCount>
							<pbstats:BinCount>527</pbstats:BinCount>
							<pbstats:BinCount>563</pbstats:BinCount>
							<pbstats:BinCount>686</pbstats:BinCount>
							<pbstats:BinCount>790</pbstats:BinCount>
							<pbstats:BinCount>925</pbstats:BinCount>
							<pbstats:BinCount>1095</pbstats:BinCount>
							<pbstats:BinCount>1377</pbstats:BinCount>
							<pbstats:BinCount>1525</pbstats:BinCount>
							<pbstats:BinCount>1775</pbstats:BinCount>
							<pbstats:BinCount>2133</pbstats:BinCount>
							<pbstats:BinCount>2515</pbstats:BinCount>
							<pbstats:BinCount>2973</pbstats:BinCount>
							<pbstats:BinCount>2823</pbstats:BinCount>
							<pbstats:BinCount>1192</pbstats:BinCount>
							<pbstats:BinCount>103</pbstats:BinCount>
							<pbstats:BinCount>4</pbstats:BinCount>
							<pbstats:BinCount>1</pbstats:BinCount>
						</pbstats:BinCounts>
					</pbstats:ReadQualDist>
					<pbstats:InsertReadLenDist>
						<pbstats:SampleSize>24222</pbstats:SampleSize>
						<pbstats:SampleMean>12747.7919921875</pbstats:SampleMean>
						<pbstats:SampleMed>10937</pbstats:SampleMed>
						<pbstats:SampleStd>9364.0618727600377</pbstats:SampleStd>
						<pbstats:Sample95thPct>29948</pbstats:Sample95thPct>
						<pbstats:NumBins>30</pbstats:NumBins>
						<pbstats:BinWidth>1436.566650390625</pbstats:BinWidth>
						<pbstats:MinOutlierValue>1</pbstats:MinOutlierValue>
						<pbstats:MinBinValue>1</pbstats:MinBinValue>
						<pbstats:MaxBinValue>41661.4296875</pbstats:MaxBinValue>
						<pbstats:MaxOutlierValue>43098</pbstats:MaxOutlierValue>
						<pbstats:MetricDescription>Read Length of Insert</pbstats:MetricDescription>
						<pbstats:BinCounts>
							<pbstats:BinCount>0</pbstats:BinCount>
							<pbstats:BinCount>1660</pbstats:BinCount>
							<pbstats:BinCount>2384</pbstats:BinCount>
							<pbstats:BinCount>1828</pbstats:BinCount>
							<pbstats:BinCount>1455</pbstats:BinCount>
							<pbstats:BinCount>1315</pbstats:BinCount>
							<pbstats:BinCount>1302</pbstats:BinCount>
							<pbstats:BinCount>1365</pbstats:BinCount>
							<pbstats:BinCount>1296</pbstats:BinCount>
							<pbstats:BinCount>1200</pbstats:BinCount>
							<pbstats:BinCount>1088</pbstats:BinCount>
							<pbstats:BinCount>965</pbstats:BinCount>
							<pbstats:BinCount>856</pbstats:BinCount>
							<pbstats:BinCount>822</pbstats:BinCount>
							<pbstats:BinCount>820</pbstats:BinCount>
							<pbstats:BinCount>878</pbstats:BinCount>
							<pbstats:BinCount>756</pbstats:BinCount>
							<pbstats:BinCount>747</pbstats:BinCount>
							<pbstats:BinCount>754</pbstats:BinCount>
							<pbstats:BinCount>654</pbstats:BinCount>
							<pbstats:BinCount>535</pbstats:BinCount>
							<pbstats:BinCount>382</pbstats:BinCount>
							<pbstats:BinCount>321</pbstats:BinCount>
							<pbstats:BinCount>275</pbstats:BinCount>
							<pbstats:BinCount>181</pbstats:BinCount>
							<pbstats:BinCount>167</pbstats:BinCount>
							<pbstats:BinCount>117</pbstats:BinCount>
							<pbstats:BinCount>64</pbstats:BinCount>
							<pbstats:BinCount>22</pbstats:BinCount>
							<pbstats:BinCount>9</pbstats:BinCount>
							<pbstats:BinCount>3</pbstats:BinCount>
							<pbstats:BinCount>1</pbstats:BinCount>
						</pbstats:BinCounts>
					</pbstats:InsertReadLenDist>
					<pbstats:InsertReadQualDist>
						<pbstats:SampleSize>24222</pbstats:SampleSize>
						<pbstats:SampleMean>0.86046397686004639</pbstats:SampleMean>
						<pbstats:SampleMed>0.8684546947479248</pbstats:SampleMed>
						<pbstats:SampleStd>0.035067464845073885</pbstats:SampleStd>
						<pbstats:Sample95thPct>0.89117431640625</pbstats:Sample95thPct>
						<pbstats:NumBins>30</pbstats:NumBins>
						<pbstats:BinWidth>0.0082973875105381012</pbstats:BinWidth>
						<pbstats:MinOutlierValue>0.75007820129394531</pbstats:MinOutlierValue>
						<pbstats:MinBinValue>0.75007820129394531</pbstats:MinBinValue>
						<pbstats:MaxBinValue>0.99070233106613159</pbstats:MaxBinValue>
						<pbstats:MaxOutlierValue>0.998999834060669</pbstats:MaxOutlierValue>
						<pbstats:MetricDescription>Read Quality of Insert</pbstats:MetricDescription>
						<pbstats:BinCounts>
							<pbstats:BinCount>0</pbstats:BinCount>
							<pbstats:BinCount>196</pbstats:BinCount>
							<pbstats:BinCount>221</pbstats:BinCount>
							<pbstats:BinCount>249</pbstats:BinCount>
							<pbstats:BinCount>282</pbstats:BinCount>
							<pbstats:BinCount>308</pbstats:BinCount>
							<pbstats:BinCount>392</pbstats:BinCount>
							<pbstats:BinCount>438</pbstats:BinCount>
							<pbstats:BinCount>619</pbstats:BinCount>
							<pbstats:BinCount>701</pbstats:BinCount>
							<pbstats:BinCount>871</pbstats:BinCount>
							<pbstats:BinCount>1141</pbstats:BinCount>
							<pbstats:BinCount>1465</pbstats:BinCount>
							<pbstats:BinCount>1989</pbstats:BinCount>
							<pbstats:BinCount>2463</pbstats:BinCount>
							<pbstats:BinCount>3213</pbstats:BinCount>
							<pbstats:BinCount>4186</pbstats:BinCount>
							<pbstats:BinCount>4264</pbstats:BinCount>
							<pbstats:BinCount>744</pbstats:BinCount>
							<pbstats:BinCount>10</pbstats:BinCount>
							<pbstats:BinCount>9</pbstats:BinCount>
							<pbstats:BinCount>4</pbstats:BinCount>
							<pbstats:BinCount>7</pbstats:BinCount>
							<pbstats:BinCount>10</pbstats:BinCount>
							<pbstats:BinCount>32</pbstats:BinCount>
							<pbstats:BinCount>51</pbstats:BinCount>
							<pbstats:BinCount>13</pbstats:BinCount>
							<pbstats:BinCount>21</pbstats:BinCount>
							<pbstats:BinCount>29</pbstats:BinCount>
							<pbstats:BinCount>46</pbstats:BinCount>
							<pbstats:BinCount>247</pbstats:BinCount>
							<pbstats:BinCount>1</pbstats:BinCount>
						</pbstats:BinCounts>
					</pbstats:InsertReadQualDist>
					<pbstats:MedianInsertDist>
						<pbstats:SampleSize>570</pbstats:SampleSize>
						<pbstats:SampleMean>5406.65625</pbstats:SampleMean>
						<pbstats:SampleMed>2860</pbstats:SampleMed>
						<pbstats:SampleStd>6322.1968204214045</pbstats:SampleStd>
						<pbstats:Sample95thPct>18508</pbstats:Sample95thPct>
						<pbstats:NumBins>30</pbstats:NumBins>
						<pbstats:BinWidth>1090.199951171875</pbstats:BinWidth>
						<pbstats:MinOutlierValue>0</pbstats:MinOutlierValue>
						<pbstats:MinBinValue>0</pbstats:MinBinValue>
						<pbstats:MaxBinValue>31615.791015625</pbstats:MaxBinValue>
						<pbstats:MaxOutlierValue>64092</pbstats:MaxOutlierValue>
						<pbstats:MetricDescription>Median Insert</pbstats:MetricDescription>
						<pbstats:BinCounts>
							<pbstats:BinCount>0</pbstats:BinCount>
							<pbstats:BinCount>28</pbstats:BinCount>
							<pbstats:BinCount>159</pbstats:BinCount>
							<pbstats:BinCount>125</pbstats:BinCount>
							<pbstats:BinCount>65</pbstats:BinCount>
							<pbstats:BinCount>30</pbstats:BinCount>
							<pbstats:BinCount>26</pbstats:BinCount>
							<pbstats:BinCount>25</pbstats:BinCount>
							<pbstats:BinCount>9</pbstats:BinCount>
							<pbstats:BinCount>10</pbstats:BinCount>
							<pbstats:BinCount>10</pbstats:BinCount>
							<pbstats:BinCount>12</pbstats:BinCount>
							<pbstats:BinCount>7</pbstats:BinCount>
							<pbstats:BinCount>11</pbstats:BinCount>
							<pbstats:BinCount>11</pbstats:BinCount>
							<pbstats:BinCount>3</pbstats:BinCount>
							<pbstats:BinCount>3</pbstats:BinCount>
							<pbstats:BinCount>9</pbstats:BinCount>
							<pbstats:BinCount>3</pbstats:BinCount>
							<pbstats:BinCount>5</pbstats:BinCount>
							<pbstats:BinCount>4</pbstats:BinCount>
							<pbstats:BinCount>2</pbstats:BinCount>
							<pbstats:BinCount>2</pbstats:BinCount>
							<pbstats:BinCount>3</pbstats:BinCount>
							<pbstats:BinCount>1</pbstats:BinCount>
							<pbstats:BinCount>1</pbstats:BinCount>
							<pbstats:BinCount>0</pbstats:BinCount>
							<pbstats:BinCount>0</pbstats:BinCount>
							<pbstats:BinCount>0</pbstats:BinCount>
							<pbstats:BinCount>0</pbstats:BinCount>
							<pbstats:BinCount>2</pbstats:BinCount>
							<pbstats:BinCount>4</pbstats:BinCount>
						</pbstats:BinCounts>
					</pbstats:MedianInsertDist>
				</pbstats:SummaryStats>
			</pbds:DataSetMetadata>
		</SubreadSet>
	</DataSets>
</pbds:SubreadSet>
