<?xml version="1.0" encoding="utf-8"?>
<MappingTable>
  <DefaultSequencingChemistry>S/P3-C1/5.0-8M</DefaultSequencingChemistry>

  <Mapping>
    <SequencingChemistry>S/P2-C2/5.0</SequencingChemistry>
    <BindingKit>100-862-200</BindingKit>
    <SequencingKit>100-861-800</SequencingKit>
    <SoftwareVersion>5.0</SoftwareVersion>
  </Mapping>

  <Mapping>
    <SequencingChemistry>S/P2-C2/5.0</SequencingChemistry>
    <BindingKit>100-862-200</BindingKit>
    <SequencingKit>101-093-700</SequencingKit>
    <SoftwareVersion>5.0</SoftwareVersion>
  </Mapping>

  <!-- Sequel® Sequencing Plate Silwet -->
  <Mapping>
    <SequencingChemistry>S/P2-C2/5.0</SequencingChemistry>
    <BindingKit>100-862-200</BindingKit>
    <SequencingKit>101-309-500</SequencingKit>
    <SoftwareVersion>5.0</SoftwareVersion>
  </Mapping>

  <!-- Sequel® Sequencing Plate Silwet (4 rxn) -->
  <Mapping>
    <SequencingChemistry>S/P2-C2/5.0</SequencingChemistry>
    <BindingKit>100-862-200</BindingKit>
    <SequencingKit>101-309-400</SequencingKit>
    <SoftwareVersion>5.0</SoftwareVersion>
  </Mapping>

  <!-- 2.1 binding kit with 2.0 sequencing plate -->
  <Mapping>
    <SequencingChemistry>S/P2-C2/5.0</SequencingChemistry>
    <BindingKit>101-365-900</BindingKit>
    <SequencingKit>100-861-800</SequencingKit>
    <SoftwareVersion>5.0</SoftwareVersion>
  </Mapping>

  <Mapping>
    <SequencingChemistry>S/P2-C2/5.0</SequencingChemistry>
    <BindingKit>101-365-900</BindingKit>
    <SequencingKit>101-093-700</SequencingKit>
    <SoftwareVersion>5.0</SoftwareVersion>
  </Mapping>

  <!-- 2.1 binding kit with 2.1 sequencing plate (silwet) -->
  <!-- SG1/16509P Chemistry update (binding kit only) with 5.0 basecaller (no new training) -->
  <Mapping>
    <SequencingChemistry>S/P2-C2/5.0</SequencingChemistry>
    <BindingKit>101-365-900</BindingKit>
    <SequencingKit>101-309-500</SequencingKit>
    <SoftwareVersion>5.0</SoftwareVersion>
  </Mapping>

  <!-- SG1/16509P Chemistry update (binding kit only) with 5.0 basecaller (no new training) -->
  <Mapping>
    <SequencingChemistry>S/P2-C2/5.0</SequencingChemistry>
    <BindingKit>101-365-900</BindingKit>
    <SequencingKit>101-309-400</SequencingKit>
    <SoftwareVersion>5.0</SoftwareVersion>
  </Mapping>

  <!-- Sequel II® Sequencing Plate (4 rxn)-->
  <Mapping>
    <SequencingChemistry>S/P3-C1/5.0-8M</SequencingChemistry>
    <BindingKit>101-490-800</BindingKit>
    <SequencingKit>101-490-900</SequencingKit>
    <SoftwareVersion>5.0</SoftwareVersion>
  </Mapping>

  <!-- Sequel II® Sequencing Plate (8 rxn)-->
  <Mapping>
    <SequencingChemistry>S/P3-C1/5.0-8M</SequencingChemistry>
    <BindingKit>101-490-800</BindingKit>
    <SequencingKit>101-491-000</SequencingKit>
    <SoftwareVersion>5.0</SoftwareVersion>
  </Mapping>

  <!-- 5.0.1 ChemRel; Sequel® Binding Kit 3.0; Sequel® Sequencing Plate 3.0 (8 rxn) -->
  <Mapping>
    <SequencingChemistry>S/P3-C3/5.0</SequencingChemistry>
    <BindingKit>101-500-400</BindingKit>
    <SequencingKit>101-427-500</SequencingKit>
    <SoftwareVersion>5.0</SoftwareVersion>
  </Mapping>

  <!-- 5.0.1 ChemRel; Sequel® Binding Kit 3.0; Sequel® Sequencing Plate 3.0 (4 rxn)  -->
  <Mapping>
    <SequencingChemistry>S/P3-C3/5.0</SequencingChemistry>
    <BindingKit>101-500-400</BindingKit>
    <SequencingKit>101-427-800</SequencingKit>
    <SoftwareVersion>5.0</SoftwareVersion>
  </Mapping>

    <!-- 5.0.1 ChemRel; Sequel® Binding Kit 3.0; Sequel® Sequencing Plate 3.1 for Dynamic Loading placeholder (4 rxn) -->
  <Mapping>
    <SequencingChemistry>S/P3-C3/5.0</SequencingChemistry>
    <BindingKit>101-500-400</BindingKit>
    <SequencingKit>101-646-800</SequencingKit>
    <SoftwareVersion>5.0</SoftwareVersion>
  </Mapping>

  <!-- // 5.0.1 ChemRel; Sequel® Binding Kit 3.0; Sequel® Dev Sequencing Plate (4 rxn) -->
  <Mapping>
    <SequencingChemistry>S/P3-C1/5.0-8M</SequencingChemistry>
    <BindingKit>101-490-800</BindingKit>
    <SequencingKit>101-644-500</SequencingKit>
    <SoftwareVersion>5.0</SoftwareVersion>
  </Mapping>

  <!-- // 5.0.1 ChemRel; Sequel® Binding Kit 3.0; Sequel® Sequencing Plate (4 rxn) -->
  <Mapping>
    <SequencingChemistry>S/P3-C1/5.0-8M</SequencingChemistry>
    <BindingKit>101-490-800</BindingKit>
    <SequencingKit>101-717-100</SequencingKit>
    <SoftwareVersion>5.0</SoftwareVersion>
  </Mapping>

  <!-- // 5.0.1 ChemRel; Sequel® Binding Kit 3.0; Sequel® Dev Sequencing Plate (4 rxn) -->
  <Mapping>
    <SequencingChemistry>S/P3-C1/5.0-8M</SequencingChemistry>
    <BindingKit>101-717-300</BindingKit>
    <SequencingKit>101-644-500</SequencingKit>
    <SoftwareVersion>5.0</SoftwareVersion>
  </Mapping>

  <!-- // 5.0.1 ChemRel; Sequel® Binding Kit 3.0; Sequel® Sequencing Plate (4 rxn) -->
  <Mapping>
    <SequencingChemistry>S/P3-C1/5.0-8M</SequencingChemistry>
    <BindingKit>101-717-300</BindingKit>
    <SequencingKit>101-717-100</SequencingKit>
    <SoftwareVersion>5.0</SoftwareVersion>
  </Mapping>

  <!-- // 5.0.1 ChemRel; Sequel® Binding Kit 3.0; Sequel® Dev Sequencing Plate (4 rxn) -->
  <Mapping>
    <SequencingChemistry>S/P3-C1/5.0-8M</SequencingChemistry>
    <BindingKit>101-717-400</BindingKit>
    <SequencingKit>101-644-500</SequencingKit>
    <SoftwareVersion>5.0</SoftwareVersion>
  </Mapping>

  <!-- // 5.0.1 ChemRel; Sequel® Binding Kit 3.0; Sequel® Sequencing Plate (4 rxn) -->
  <Mapping>
    <SequencingChemistry>S/P3-C1/5.0-8M</SequencingChemistry>
    <BindingKit>101-717-400</BindingKit>
    <SequencingKit>101-717-100</SequencingKit>
    <SoftwareVersion>5.0</SoftwareVersion>
  </Mapping>

  <!-- // Sequel® II Binding Kit 2.0; Sequel® II Sequencing Plate 2.0EA (4 Rxn) -->
  <Mapping>
    <SequencingChemistry>S/P4-C2/5.0-8M</SequencingChemistry>
    <BindingKit>101-789-500</BindingKit>
    <SequencingKit>101-789-300</SequencingKit>
    <SoftwareVersion>5.0</SoftwareVersion>
  </Mapping>

  <!-- // Sequel® II Binding Kit 2.0; Sequel® II Sequencing Plate 2.0 (4 Rxn) -->
  <Mapping>
    <SequencingChemistry>S/P4-C2/5.0-8M</SequencingChemistry>
    <BindingKit>101-789-500</BindingKit>
    <SequencingKit>101-826-100</SequencingKit>
    <SoftwareVersion>5.0</SoftwareVersion>
  </Mapping>

  <!-- // Sequel® II Binding Kit 2.0; Sequel® II Sequencing Plate 2.0 (4 Rxn) - QC -->
  <Mapping>
    <SequencingChemistry>S/P4-C2/5.0-8M</SequencingChemistry>
    <BindingKit>101-789-500</BindingKit>
    <SequencingKit>101-820-300</SequencingKit>
    <SoftwareVersion>5.0</SoftwareVersion>
  </Mapping>

  <!-- // Sequel® II Binding Kit 2.0; Sequel® II Sequencing Plate 3.0 (1 Rxn) -->
  <Mapping>
    <SequencingChemistry>S/P4-C2/5.0-8M</SequencingChemistry>
    <BindingKit>101-789-500</BindingKit>
    <SequencingKit>102-186-000</SequencingKit>
    <SoftwareVersion>5.0</SoftwareVersion>
  </Mapping>

  <!-- // Sequel® II Binding Kit 2.0; Sequel® II Sequencing Plate 3.0 (1 Rxn), QC -->
  <Mapping>
    <SequencingChemistry>S/P4-C2/5.0-8M</SequencingChemistry>
    <BindingKit>101-789-500</BindingKit>
    <SequencingKit>102-186-100</SequencingKit>
    <SoftwareVersion>5.0</SoftwareVersion>
  </Mapping>

  <!-- // Sequel® II Binding Kit 2.1; Sequel® II Sequencing Plate 2.0EA (4 Rxn) -->
  <Mapping>
    <SequencingChemistry>S/P4.1-C2/5.0-8M</SequencingChemistry>
    <BindingKit>101-820-500</BindingKit>
    <SequencingKit>101-789-300</SequencingKit>
    <SoftwareVersion>5.0</SoftwareVersion>
  </Mapping>

  <!-- // Sequel® II Binding Kit 2.1; Sequel® II Sequencing Plate 2.0 (4 Rxn) -->
  <Mapping>
    <SequencingChemistry>S/P4.1-C2/5.0-8M</SequencingChemistry>
    <BindingKit>101-820-500</BindingKit>
    <SequencingKit>101-826-100</SequencingKit>
    <SoftwareVersion>5.0</SoftwareVersion>
  </Mapping>

  <!-- // Sequel® II Binding Kit 2.1; Sequel® II Sequencing Plate 3.0 (1 Rxn) -->
  <Mapping>
    <SequencingChemistry>S/P4.1-C2/5.0-8M</SequencingChemistry>
    <BindingKit>101-820-500</BindingKit>
    <SequencingKit>102-186-000</SequencingKit>
    <SoftwareVersion>5.0</SoftwareVersion>
  </Mapping>

  <!-- // Sequel® II Binding Kit 2.1; Sequel® II Sequencing Plate 3.0 (1 Rxn), QC -->
  <Mapping>
    <SequencingChemistry>S/P4.1-C2/5.0-8M</SequencingChemistry>
    <BindingKit>101-820-500</BindingKit>
    <SequencingKit>102-186-100</SequencingKit>
    <SoftwareVersion>5.0</SoftwareVersion>
  </Mapping>

  <!-- // Sequel® II Binding Kit 2.1; Sequel® II Sequencing Plate 2.0 (4 Rxn) - QC -->
  <Mapping>
    <SequencingChemistry>S/P4.1-C2/5.0-8M</SequencingChemistry>
    <BindingKit>101-820-500</BindingKit>
    <SequencingKit>101-820-300</SequencingKit>
    <SoftwareVersion>5.0</SoftwareVersion>
  </Mapping>

  <!-- Sequel® II Binding Kit 2.2; Sequel® II Sequencing Plate 2.0 (4 rxn) -->
  <Mapping>
    <SequencingChemistry>S/P5-C2/5.0-8M</SequencingChemistry>
    <BindingKit>101-894-200</BindingKit>
    <SequencingKit>101-826-100</SequencingKit>
    <SoftwareVersion>5.0</SoftwareVersion>
  </Mapping>

  <!-- Sequel® II Binding Kit 2.2; Sequel® II Sequencing Plate 2.0EA (4 rxn) -->
  <Mapping>
    <SequencingChemistry>S/P5-C2/5.0-8M</SequencingChemistry>
    <BindingKit>101-894-200</BindingKit>
    <SequencingKit>101-789-300</SequencingKit>
    <SoftwareVersion>5.0</SoftwareVersion>
  </Mapping>

  <!-- Sequel® II Binding Kit 2.2; Sequel® II Sequencing Plate 2.0 (4 rxn) - QC -->
  <Mapping>
    <SequencingChemistry>S/P5-C2/5.0-8M</SequencingChemistry>
    <BindingKit>101-894-200</BindingKit>
    <SequencingKit>101-820-300</SequencingKit>
    <SoftwareVersion>5.0</SoftwareVersion>
  </Mapping>

  <!-- Sequel® II Binding Kit 2.2; Sequel® II Sequencing Plate 3.0 (1 rxn) -->
  <Mapping>
    <SequencingChemistry>S/P5-C2/5.0-8M</SequencingChemistry>
    <BindingKit>101-894-200</BindingKit>
    <SequencingKit>102-186-000</SequencingKit>
    <SoftwareVersion>5.0</SoftwareVersion>
  </Mapping>

  <!-- Sequel® II Binding Kit 2.2; Sequel® II Sequencing Plate 3.0 (1 rxn), QC -->
  <Mapping>
    <SequencingChemistry>S/P5-C2/5.0-8M</SequencingChemistry>
    <BindingKit>101-894-200</BindingKit>
    <SequencingKit>102-186-100</SequencingKit>
    <SoftwareVersion>5.0</SoftwareVersion>
  </Mapping>

  <!-- Sequel® II Binding Kit 3.1; Sequel® II Sequencing Plate 2.0EA (4 Rxn)-->
  <Mapping>
    <SequencingChemistry>S/P5-C2/5.0-8M</SequencingChemistry>
    <BindingKit>102-194-200</BindingKit>
    <SequencingKit>101-789-300</SequencingKit>
    <SoftwareVersion>5.0</SoftwareVersion>
  </Mapping>
  
  <!-- Sequel® II Binding Kit 3.1; Sequel® II Sequencing Plate 2.0 (4 rxn)-->
  <Mapping>
    <SequencingChemistry>S/P5-C2/5.0-8M</SequencingChemistry>
    <BindingKit>102-194-200</BindingKit>
    <SequencingKit>101-826-100</SequencingKit>
    <SoftwareVersion>5.0</SoftwareVersion>
  </Mapping>
  
  <!-- Sequel® II Binding Kit 3.1; Sequel® II Sequencing Plate 2.0 (1 rxn)-->
  <Mapping>
    <SequencingChemistry>S/P5-C2/5.0-8M</SequencingChemistry>
    <BindingKit>102-194-200</BindingKit>
    <SequencingKit>102-186-000</SequencingKit>
    <SoftwareVersion>5.0</SoftwareVersion>
  </Mapping>
  
  <!-- Sequel® II Binding Kit 3.1; Sequel® II Sequencing Plate 2.0 (1 rxn) - QC-->
  <Mapping>
    <SequencingChemistry>S/P5-C2/5.0-8M</SequencingChemistry>
    <BindingKit>102-194-200</BindingKit>
    <SequencingKit>102-186-100</SequencingKit>
    <SoftwareVersion>5.0</SoftwareVersion>
  </Mapping>
  
  <!-- Sequel® II Binding Kit 3.1; Sequel® II Sequencing Plate 2.0 (4 Rxn) - QC-->
  <Mapping>
    <SequencingChemistry>S/P5-C2/5.0-8M</SequencingChemistry>
    <BindingKit>102-194-200</BindingKit>
    <SequencingKit>101-820-300</SequencingKit>
    <SoftwareVersion>5.0</SoftwareVersion>
  </Mapping>
  
  <!-- Sequel® II Binding Kit 3.2; Sequel® II Sequencing Plate 2.0EA (4 Rxn)-->
  <Mapping>
    <SequencingChemistry>S/P5-C2/5.0-8M</SequencingChemistry>
    <BindingKit>102-194-100</BindingKit>
    <SequencingKit>101-789-300</SequencingKit>
    <SoftwareVersion>5.0</SoftwareVersion>
  </Mapping>
  
  <!-- Sequel® II Binding Kit 3.2; Sequel® II Sequencing Plate 2.0 (4 rxn)-->
  <Mapping>
    <SequencingChemistry>S/P5-C2/5.0-8M</SequencingChemistry>
    <BindingKit>102-194-100</BindingKit>
    <SequencingKit>101-826-100</SequencingKit>
    <SoftwareVersion>5.0</SoftwareVersion>
  </Mapping>
  
  <!-- Sequel® II Binding Kit 3.2; Sequel® II Sequencing Plate 2.0 (1 rxn)-->
  <Mapping>
    <SequencingChemistry>S/P5-C2/5.0-8M</SequencingChemistry>
    <BindingKit>102-194-100</BindingKit>
    <SequencingKit>102-186-000</SequencingKit>
    <SoftwareVersion>5.0</SoftwareVersion>
  </Mapping>
  
  <!-- Sequel® II Binding Kit 3.2; Sequel® II Sequencing Plate 2.0 (1 rxn) - QC-->
  <Mapping>
    <SequencingChemistry>S/P5-C2/5.0-8M</SequencingChemistry>
    <BindingKit>102-194-100</BindingKit>
    <SequencingKit>102-186-100</SequencingKit>
    <SoftwareVersion>5.0</SoftwareVersion>
  </Mapping>
  
  <!-- Sequel® II Binding Kit 3.2; Sequel® II Sequencing Plate 2.0 (4 Rxn) - QC-->
  <Mapping>
    <SequencingChemistry>S/P5-C2/5.0-8M</SequencingChemistry>
    <BindingKit>102-194-100</BindingKit>
    <SequencingKit>101-820-300</SequencingKit>
    <SoftwareVersion>5.0</SoftwareVersion>
  </Mapping>

  <!-- Revio Development Kits -->
  <Mapping>
    <SequencingChemistry>R/P1-C1/5.0-25M</SequencingChemistry>
    <BindingKit>101-894-200</BindingKit>
    <SequencingKit>102-118-800</SequencingKit>
    <SoftwareVersion>5.0</SoftwareVersion>
  </Mapping>

  <!-- Revio Binding Kit 1.0; Sequencing Plate 1.0 (4 rxn) -->
  <Mapping>
    <SequencingChemistry>R/P1-C1/5.0-25M</SequencingChemistry>
    <BindingKit>102-739-100</BindingKit>
    <SequencingKit>102-118-800</SequencingKit>
    <SoftwareVersion>5.0</SoftwareVersion>
  </Mapping>

  <!-- Revio Binding Kit 1.0; Sequencing Plate 1.0 (1 rxn) -->
  <Mapping>
    <SequencingChemistry>R/P1-C1/5.0-25M</SequencingChemistry>
    <BindingKit>102-739-100</BindingKit>
    <SequencingKit>102-412-400</SequencingKit>
    <SoftwareVersion>5.0</SoftwareVersion>
  </Mapping>

  <!-- Revio Binding Kit 1.0; Sequencing Plate QC - Internal -->
  <Mapping>
    <SequencingChemistry>R/P1-C1/5.0-25M</SequencingChemistry>
    <BindingKit>102-739-100</BindingKit>
    <SequencingKit>102-118-900</SequencingKit>
    <SoftwareVersion>5.0</SoftwareVersion>
  </Mapping>

  <!-- Revio Binding Kit 1.0; Sequencing Plate R&D - Internal -->
  <Mapping>
    <SequencingChemistry>R/P1-C1/5.0-25M</SequencingChemistry>
    <BindingKit>102-739-100</BindingKit>
    <SequencingKit>102-171-000</SequencingKit>
    <SoftwareVersion>5.0</SoftwareVersion>
  </Mapping>

  <!-- Revio Binding Kit 2.0; Sequencing Plate 2.0 (4 rxn) -->
  <Mapping>
    <SequencingChemistry>R/P2-C2/5.0-25M</SequencingChemistry>
    <BindingKit>103-496-900</BindingKit>
    <SequencingKit>103-496-700</SequencingKit>
    <SoftwareVersion>5.0</SoftwareVersion>
  </Mapping>

  <!-- Revio Binding Kit 2.0; Sequencing Plate 2.0 (1 rxn) -->
  <Mapping>
    <SequencingChemistry>R/P2-C2/5.0-25M</SequencingChemistry>
    <BindingKit>103-496-900</BindingKit>
    <SequencingKit>103-496-800</SequencingKit>
    <SoftwareVersion>5.0</SoftwareVersion>
  </Mapping>

  <!-- Revio Binding Kit 2.0; Sequencing Plate QC - Internal -->
  <Mapping>
    <SequencingChemistry>R/P2-C2/5.0-25M</SequencingChemistry>
    <BindingKit>103-496-900</BindingKit>
    <SequencingKit>103-508-000</SequencingKit>
    <SoftwareVersion>5.0</SoftwareVersion>
  </Mapping>

  <!-- Vega polymerase kit; Vega sequencing plate -->
  <Mapping>
    <SequencingChemistry>R/P1-C1/5.0-25M</SequencingChemistry>
    <BindingKit>103-426-500</BindingKit>
    <SequencingKit>103-274-400</SequencingKit>
    <SoftwareVersion>5.0</SoftwareVersion>
  </Mapping>

  <!-- Vega polymerase kit; Vega sequencing plate, internal -->
  <Mapping>
    <SequencingChemistry>R/P1-C1/5.0-25M</SequencingChemistry>
    <BindingKit>103-426-500</BindingKit>
    <SequencingKit>103-536-400</SequencingKit>
    <SoftwareVersion>5.0</SoftwareVersion>
  </Mapping>
</MappingTable>
